contribution_id;work_id;date;anno_issue_id;page_start;page_end;title;primary_topic;secondary_topic;text_form;coding_grounds
0203_01;w_0203_01;1848-02-03;wrz18480203;1;1;Der Wiener allgemeine Hilfs-Verein.;Gesellschaft und Zeitbetrachtung;Industrie und Wirtschaft;Essay/Abhandlung;"Gesellschaft und Zeitbetrachtung als Hauptthema: Hilfswesen und soziale Unterstützung stehen im Zentrum; Finanzierung und wirtschaftliche Organisation bilden das Zweitthema."
0101_01;w_0101_01;1848-01-01;wrz18480101;1;2;Das Feuilleton.;Gesellschaft und Zeitbetrachtung;Kunst und Literatur;Essay/Abhandlung;"Gesellschaft und Zeitbetrachtung als Hauptthema: Literatur, Presse und Feuilleton dienen vor allem der Diagnose gesellschaftlichen Wandels; Kunst und Literatur als substanzielles Zweitthema."
0102_02;w_0102_02;1848-01-02;wrz18480102;1;2;Ein Wort über Kunstkritik.;Gesellschaft und Zeitbetrachtung;Kunst und Literatur;Essay/Abhandlung;"Gesellschaft und Zeitbetrachtung als Hauptthema; Kunstkritik ist Ausgangspunkt, wird aber in eine breitere Argumentation über Öffentlichkeit und gesellschaftliche Entwicklung eingebettet."
0105_01;w_0105_01;1848-01-05;wrz18480105;1;1;Des Oesterreichers richtiger Standpunct.;Gesellschaft und Zeitbetrachtung;Politik und Recht;Essay/Abhandlung;"Zeitbetrachtung und Beobachtung gesellschaftlicher Entwicklungen in Österreich als Hauptthema; politische Ordnung und Ereignisse bilden einen substanziellen zweiten Argumentationsstrang."
0303_01;w_0303_01;1848-03-03;wrz18480303;1;1;Zur Orientirung.;Gesellschaft und Zeitbetrachtung;Politik und Recht;Essay/Abhandlung;"Gesellschaft und Zeitbetrachtung als Hauptthema: der Beitrag dient der zeitgeschichtlichen Orientierung und Deutung der Gegenwart; politische Entwicklungen bilden einen substanziellen zweiten Bezug."
0321_01;w_0321_01;1848-03-21;wrz18480321;1;1;Oesterreicher Lied.;Gesellschaft und Zeitbetrachtung;Politik und Recht;Literarischer Primärtext;Gesellschaft und Zeitbetrachtung als Hauptthema: Das Lied entwirft ein neues österreichisches Selbstverständnis aus Freiheit, Brüderlichkeit und nationaler Selbstbehauptung, Politik und Recht bildet das Zweitthema.
0405_02;w_0405_02;1848-04-05;wrz18480405;1;2;Briefe aus der Provinz.;Gesellschaft und Zeitbetrachtung;Politik und Recht;Brief/Korrespondenz;"Gesellschaft und Zeitbetrachtung als Hauptthema: die Provinzkorrespondenz beobachtet gesellschaftliche Zustände und Stimmungslagen; aktuelle politische Entwicklungen bilden einen substanziellen zweiten Bezug."
0411_01;w_0411_01;1848-04-11;wrz18480411;1;1;Briefe aus der Provinz.;Gesellschaft und Zeitbetrachtung;Politik und Recht;Brief/Korrespondenz;"Gesellschaft und Zeitbetrachtung als Hauptthema: die Provinzkorrespondenz beobachtet gesellschaftliche Zustände und Stimmungslagen; politische Entwicklungen bilden einen substanziellen zweiten Bezug."
0628_01;w_0628_01;1848-06-28;wrz18480628;1;1;Der Oesterreicher im Auslande.;Gesellschaft und Zeitbetrachtung;Politik und Recht;Essay/Abhandlung;"Gesellschaft und Zeitbetrachtung als Hauptthema: Hanslick untersucht Österreichs Selbst- und Fremdwahrnehmung vor und nach März 1848; Zensur, politische Unfreiheit und Revolution bilden das Zweitthema Politik und Recht."
0120_01;w_0120_01;1848-01-20;wrz18480120;1;1;Bericht über das Ergebnis der am 6. Januar 1848 zum Besten des Wiener Kreuzer-Vereines im k. k. großen Redouten-Saale veranstalteten Wohlthätigkeits-Akademie.;Industrie und Wirtschaft;Gesellschaft und Zeitbetrachtung;Bericht/Mitteilung/Protokoll;Industrie und Wirtschaft als Hauptthema wegen Ergebnis, Einnahmen und finanzieller Abrechnung der Wohltätigkeitsveranstaltung, deren soziale Funktion bildet das Zweitthema.
0313_01;w_0313_01;1848-03-13;wrz18480313;1;1;Wiener allgemeines Witwen- und Waisen-Pensions-Institut.;Industrie und Wirtschaft;Gesellschaft und Zeitbetrachtung;Bericht/Mitteilung/Protokoll;"Industrie und Wirtschaft als Hauptthema: Organisation und finanzielle Funktionsweise des Witwen- und Waisen-Pensions-Instituts stehen im Zentrum; seine soziale Sicherungsfunktion bildet das Zweitthema."
0629_01;w_0629_01;1848-06-29;wrz18480629;1;2;Die auf Grund und Boden haftenden Lasten in staatswirthschaftlicher Rücksicht, und Vorschläge zu deren Ablösung von Dr. Carl Kubenik.;Industrie und Wirtschaft;Politik und Recht;Kritik/Rezension;"Industrie und Wirtschaft als Hauptthema: Im rezensierten Werk werden Grundlasten wirtschaftlich nach Arbeitskraft, Produktivität und Bodennutzung bewertet; ihre rechtliche Struktur die staatliche Einbettung begründen das Zweitthema Politik und Recht."
0223_02;w_0223_02;1848-02-23;wrz18480223;2;2;Englische Gerste.;Industrie und Wirtschaft;Wissenschaft und Technik;Essay/Abhandlung;"Industrie und Wirtschaft als Hauptthema: Gerste wird aus landwirtschaftlich-gewerblicher Nutzungsperspektive behandelt; naturwissenschaftlich-technische Eigenschaften bilden das Zweitthema."
0219_01;w_0219_01;1848-02-19;wrz18480219;1;2;Dramaturgische Blätter.;Kunst und Literatur;Gesellschaft und Zeitbetrachtung;Essay/Abhandlung;"Kunst und Literatur als Hauptthema: Theaterkritik und das „kritisierende Publicum“ werden behandelt; Ausführliche Betrachtung der Gesellschaft und des Verhaltens bzw. der Rolle des Publikums begründen die gesellschaftliche Zweitdimension."
0416_01;w_0416_01;1848-04-16;wrz18480416;1;2;Das kaiserl. Hof- und National-Theater in Wien.;Kunst und Literatur;Gesellschaft und Zeitbetrachtung;Essay/Abhandlung;"Kunst und Literatur als Hauptthema: Reform des Hof- und Nationaltheaters als kulturelle Institution; gesellschaftliche Funktion und öffentliche Bedeutung des Theaters bilden das Zweitthema."
0511_01;w_0511_01;1848-05-11;wrz18480511;1;1;Betrachtungen bei Gelegenheit der Wiener Kunstausstellung vom J. 1848.;Kunst und Literatur;Gesellschaft und Zeitbetrachtung;Essay/Abhandlung;"Kunst und Literatur als Hauptthema: Die Wiener Kunstausstellung und ihre künstlerische Bedeutung stehen im Zentrum; gesellschaftliche Bedingungen der Kunst bilden das Zweitthema."
0515_01;w_0515_01;1848-05-15;wrz18480515;1;1;Betrachtungen bei Gelegenheit der Wiener Kunstausstellung vom J. 1848.;Kunst und Literatur;Gesellschaft und Zeitbetrachtung;Essay/Abhandlung;"Kunst und Literatur als Hauptthema: Die Wiener Kunstausstellung und ihre künstlerische Bedeutung stehen im Zentrum; Aristokratie und gesellschaftliche Bedingungen der Kunst bilden das Zweitthema."
0528_02;w_0528_02;1848-05-28;wrz18480528;1;1;Betrachtungen bei Gelegenheit der Wiener Kunstausstellung vom J. 1848.;Kunst und Literatur;Gesellschaft und Zeitbetrachtung;Essay/Abhandlung;"Kunst und Literatur als Hauptthema: Kunstausstellung und institutionelles Verhältnis zur Kunst stehen im Zentrum; Kirche und Akademie als gesellschaftliche Institutionen bilden das Zweitthema."
0606_01;w_0606_01;1848-06-06;wrz18480606;1;1;Betrachtungen bei Gelegenheit der Wiener Kunstausstellung vom J. 1848.;Kunst und Literatur;Gesellschaft und Zeitbetrachtung;Essay/Abhandlung;"Kunst und Literatur als Hauptthema: Künstler und Kunstwerke stehen diesmal im Zentrum der Ausstellungsbetrachtung; gesellschaftliche Bedingungen der Kunst bleiben substanzielles Zweitthema."
0607_01;w_0607_01;1848-06-07;wrz18480607;1;1;Ein Capitel über die Theaternoth.;Kunst und Literatur;Gesellschaft und Zeitbetrachtung;Essay/Abhandlung;"Kunst und Literatur als Hauptthema: die „Theaternoth“ wird als Problem des Theaterwesens behandelt; ihre gesellschaftlichen Ursachen oder Folgen bilden das Zweitthema."
0318_01;w_0318_01;1848-03-18;wrz18480318;1;1;Neues Volkslied am 15. März 1848.;Politik und Recht;Gesellschaft und Zeitbetrachtung;Literarischer Primärtext;"Politik und Recht als Hauptthema: Themen wie Pressefreiheit, Volksbewaffnung, Verfassung und Kaiser-Volk-Verhältnis stehen im Zentrum; gesellschaftliche Zusammengehörigkeit bildet ein substanzielles Zweitthema."
0618_01;w_0618_01;1848-06-18;wrz18480618;1;1;"Bruchstück aus meinen ""Skizzen über Rußland"", geschrieben in Petersburg im Februar 1847.";Politik und Recht;Gesellschaft und Zeitbetrachtung;Essay/Abhandlung;"Politik und Recht als Hauptthema: Russische Staatsordnung und Außenpolitik stehen im Zentrum; Nationalgefühl, gesellschaftlicher Zusammenhalt und die Umbrüche von 1848 bilden das Zweitthema Gesellschaft und Zeitbetrachtung."
0324_01;w_0324_01;1848-03-24;wrz18480324;1;1;Censur und Kunst-Kritik.;Politik und Recht;Kunst und Literatur;Essay/Abhandlung;"Politik und Recht als Hauptthema: Zensur als rechtlich-politische Einschränkung steht im Zentrum; Kunstkritik bildet den konkret betroffenen kulturellen Bereich."
0414_01;w_0414_01;1848-04-14;wrz18480414;1;2;Was hat die Kunst von den Bewegungen der Gegenwart zu hoffen oder zu fürchten?;Politik und Recht;Kunst und Literatur;Rede/Vortrag;"Politik und Recht als Hauptthema: die aktuellen politischen „Bewegungen der Gegenwart“ erscheinen zentral und bilden den leitenden Bezugsrahmen für die Frage nach den Folgen für die Kunst; Kunst und Literatur ist Zweitthema."
0415_01;w_0414_01;1848-04-15;wrz18480415;1;2;Was hat die Kunst von den Bewegungen der Gegenwart zu hoffen oder zu fürchten?;Politik und Recht;Kunst und Literatur;Rede/Vortrag;"Politik und Recht als Hauptthema: die aktuellen politischen „Bewegungen der Gegenwart“ erscheinen zentral und bilden den leitenden Bezugsrahmen für die Frage nach den Folgen für die Kunst; Kunst und Literatur ist Zweitthema."
0419_01;w_0419_01;1848-04-19;wrz18480419;1;1;Kunstblatt.;Politik und Recht;Kunst und Literatur;Essay/Abhandlung;"Politik und Recht als Hauptthema: „Oesterreichs glorreiche Tage“ werden als politisch-zeitgeschichtliches Ereignis gedeutet; die künstlerische Darstellung bildet das Zweitthema."
0427_01;w_0427_01;1848-04-27;wrz18480427;1;2;Die Reform des Hofbaurathes;Politik und Recht;Kunst und Literatur;Essay/Abhandlung;"Politik und Recht als Hauptthema: Die institutionelle und administrative Reform des Hofbaurats steht im Zentrum; Kunst und Literatur ist durch die Entwicklung zur Kunstbehörde substanzielles Zweitthema."
0412_01;w_0412_01;1848-04-12;wrz18480412;1;1;Einige Worte bei Gelegenheit der ersten Hahnemannsfeier in Wien am 10. April 1848.;Politik und Recht;Wissenschaft und Technik;Rede/Vortrag;"Politik und Recht als Hauptthema: Die Märzrevolution und veränderte politische Verhältnisse strukturieren die Rede; Hahnemann und der medizinisch-wissenschaftliche Anlass bilden das Zweitthema."
0529_01;w_0529_01;1848-05-29;wrz18480529;1;2;Ideen zu einer Geschichte der Sprachen.;Politik und Recht;Wissenschaft und Technik;Essay/Abhandlung;"Politik und Recht als Hauptthema: Sprachgeschichte wird ausdrücklich auf politische Freiheit, Nationalität, Rechtsgefühl und Staatsbildung bezogen; die sprachwissenschaftliche Argumentation bildet das Zweitthema Wissenschaft und Technik."
0530_01;w_0529_01;1848-05-30;wrz18480530;1;2;Ideen zu einer Geschichte der Sprachen.;Politik und Recht;Wissenschaft und Technik;Essay/Abhandlung;"Politik und Recht als Hauptthema: Sprachgeschichte wird ausdrücklich auf politische Freiheit, Nationalität, Rechtsgefühl und Staatsbildung bezogen; die sprachwissenschaftliche Argumentation bildet das Zweitthema Wissenschaft und Technik."
0122_01;w_0122_01;1848-01-22;wrz18480122;1;2;Werke zur vergleichenden Erdkunde.;Wissenschaft und Technik;Gesellschaft und Zeitbetrachtung;Essay/Abhandlung;"Wissenschaft und Technik als Hauptthema: vergleichende Erdkunde wird als wissenschaftliches Wissensfeld behandelt; gesellschaftliche Bezüge sind als Zweitthema erfasst."
0123_01;w_0122_01;1848-01-23;wrz18480123;1;2;Werke zur vergleichenden Erdkunde.;Wissenschaft und Technik;Gesellschaft und Zeitbetrachtung;Essay/Abhandlung;"Wissenschaft und Technik als Hauptthema: vergleichende Erdkunde wird als wissenschaftliches Wissensfeld behandelt; gesellschaftliche Bezüge sind als Zweitthema erfasst."
0124_02;w_0122_01;1848-01-24;wrz18480124;1;2;Werke zur vergleichenden Erdkunde.;Wissenschaft und Technik;Gesellschaft und Zeitbetrachtung;Essay/Abhandlung;"Wissenschaft und Technik als Hauptthema: vergleichende Erdkunde wird als wissenschaftliches Wissensfeld behandelt; gesellschaftliche Bezüge sind als Zweitthema erfasst."
0204_01;w_0204_01;1848-02-04;wrz18480204;1;2;Rede zur feierlichen Eröffnung der kais. Akademie der Wissenschaften am 2. Februar 1848 gesprochen durch deren Präsidenten Joseph Freiherrn v. Hammer-Purgstall.;Wissenschaft und Technik;Gesellschaft und Zeitbetrachtung;Rede/Vortrag;"Wissenschaft und Technik als Hauptthema; Gesellschaft und Zeitbetrachtung als Zweitthema, da Aufgaben und Organisation der Akademie mit kulturellem Fortschritt, Bildung und gesellschaftlicher Wirkung verknüpft werden."
0205_01;w_0204_01;1848-02-05;wrz18480205;1;2;Rede zur feierlichen Eröffnung der kais. Akademie der Wissenschaften am 2. Februar 1848 gesprochen durch deren Präsidenten Joseph Freiherrn v. Hammer-Purgstall.;Wissenschaft und Technik;Gesellschaft und Zeitbetrachtung;Rede/Vortrag;"Wissenschaft und Technik als Hauptthema; Gesellschaft und Zeitbetrachtung als Zweitthema, da Aufgaben und Organisation der Akademie mit kulturellem Fortschritt, Bildung und gesellschaftlicher Wirkung verknüpft werden."
0526_01;w_0526_01;1848-05-26;wrz18480526;1;1;Kaiserliche Akademie der Wissenschaften.;Wissenschaft und Technik;Gesellschaft und Zeitbetrachtung;Bericht/Mitteilung/Protokoll;"Wissenschaft und Technik als Hauptthema: Bericht über Tätigkeit der Akademie; Eine ausführlich besprochene Reform gesellschaftlicher Titel- und Anredeformen begründet das Zweitthema Gesellschaft."
0128_01;w_0128_01;1848-01-28;wrz18480128;1;1;Wöchentliche Besprechungen im Nied. Oesterr. Gewerb-Verein.;Wissenschaft und Technik;Industrie und Wirtschaft;Bericht/Mitteilung/Protokoll;"Wissenschaft und Technik als Hauptthema, weil in dieser Sitzung die Wissenschaft der Statistik bzw. technische Sachfrage im Zentrum steht; wirtschaftliche Tätigkeit des Gewerbeverein begründet ""Industrie und Wirtschaft"" als Zweitthema."
0306_01;w_0306_01;1848-03-06;wrz18480306;1;1;Häuffler J. V. Kleine historische Bilder Gallerie aus Ungarns denkwürdiger Vorzeit.;Wissenschaft und Technik;Kunst und Literatur;Kritik/Rezension;Wissenschaft und Technik als Hauptthema: Im Zentrum steht die Bewertung der historischen Forschungsleistung und der quellenmäßigen Fundierung der Darstellung. Die ausführliche Beurteilung der künstlerischen Ausführung der Abbildungen begründet Kunst und Literatur als Zweitthema.
0311_01;w_0311_01;1848-03-11;wrz18480311;1;1;Geschichte der Polnischen Literatur  von Michael von Wisziniowski, Professor an der k. k. Hochschule zu Krakau, Mitglied mehrerer gelehrten Gesellschaften.;Wissenschaft und Technik;Kunst und Literatur;Kritik/Rezension;"Literaturgeschichte als geisteswissenschaftliche Forschungsleistung; Kunst und Literatur bleibt zudem als Gegenstandsbereich substanziell."
