work_id;title;first_date;last_date;segment_count;issue_count;primary_topic;text_form;series_id;series_type
w_0122_01;Werke zur vergleichenden Erdkunde.;1848-01-22;1848-01-24;3;3;Wissenschaft und Technik;Essay/Abhandlung;;Fortsetzungsbeitrag
w_0225_01;Culturhistorische Rückblicke.;1848-02-25;1848-02-27;3;3;Gesellschaft und Zeitbetrachtung;Essay/Abhandlung;;Fortsetzungsbeitrag
w_0313_02;Uebersicht des Waaren-Verkehres und der Zollerträgnisse Oesterreichs im J. 1846.;1848-03-13;1848-03-15;3;3;Industrie und Wirtschaft;Bericht/Mitteilung/Protokoll;;Fortsetzungsbeitrag
w_0108_01;General-Versammlung des Nied. Oesterr. Gewerb-Vereines.;1848-01-08;1848-01-09;2;2;Industrie und Wirtschaft;Bericht/Mitteilung/Protokoll;;Fortsetzungsbeitrag
w_0115_01;Ein Votum über die Literatur der Dorfgeschichten.;1848-01-15;1848-01-16;2;2;Kunst und Literatur;Essay/Abhandlung;;Fortsetzungsbeitrag
w_0129_03;"""Die Frau Professorin"" von Auerbach und ""Dorf und Stadt"" von Charlotte Birch-Pfeiffer.";1848-01-29;1848-01-30;2;2;Kunst und Literatur;Kritik/Rezension;;Fortsetzungsbeitrag
w_0204_01;Rede zur feierlichen Eröffnung der kais. Akademie der Wissenschaften am 2. Februar 1848 gesprochen durch deren Präsidenten Joseph Freiherrn v. Hammer-Purgstall.;1848-02-04;1848-02-05;2;2;Wissenschaft und Technik;Rede/Vortrag;;Fortsetzungsbeitrag
w_0208_01;Vortrag des General-Secretärs der kaiserlichen Akademie der Wissenschaften, Andreas von Ettingshausen in der feierlichen Eröffnungssitzung am 2. Februar 1848.;1848-02-08;1848-02-09;2;2;Wissenschaft und Technik;Rede/Vortrag;;Fortsetzungsbeitrag
w_0215_01;Der Preußische Strafgesetz-Entwurf von 1847.;1848-02-15;1848-02-16;2;2;Politik und Recht;Essay/Abhandlung;s_preussen_strafgesetz;Artikelreihe
w_0217_01;Preisaufgaben der kaiserl. Akademie der Wissenschaften.;1848-02-17;1848-02-18;2;2;Wissenschaft und Technik;Essay/Abhandlung;;Fortsetzungsbeitrag
w_0318_03;Populäre Darstellung der Natur einer Circulations-Bank, mit Beziehung auf den Ausweis der Oesterr. Nationalbank vom 5. März über ihren Activ- und Passivstand.;1848-03-18;1848-03-19;2;2;Industrie und Wirtschaft;Essay/Abhandlung;s_circulationsbank;Artikelreihe
w_0325_01;Weitere Beobachtungen über den Eisgang der Donau im Jahre 1848.;1848-03-25;1848-03-26;2;2;Wissenschaft und Technik;Rede/Vortrag;;Fortsetzungsbeitrag
w_0402_01;Dänemark und die Schleswig-Holstein Frage.;1848-04-02;1848-04-03;2;2;Politik und Recht;Essay/Abhandlung;;Fortsetzungsbeitrag
w_0414_01;Was hat die Kunst von den Bewegungen der Gegenwart zu hoffen oder zu fürchten?;1848-04-14;1848-04-15;2;2;Politik und Recht;Rede/Vortrag;;Fortsetzungsbeitrag
w_0529_01;Ideen zu einer Geschichte der Sprachen.;1848-05-29;1848-05-30;2;2;Politik und Recht;Essay/Abhandlung;;Fortsetzungsbeitrag
