ebene;primary_topic;text_form;n;bezugszahl_gesamt;anteil_gesamt_prozent;bezugszahl_hauptthema;anteil_hauptthema_prozent;bezugszahl_textform;anteil_textform_prozent
segmentebene;Kunst und Literatur;Essay/Abhandlung;10;168;6.0;50;20.0;58;17.2
segmentebene;Kunst und Literatur;Kritik/Rezension;40;168;23.8;50;80.0;46;87.0
segmentebene;Wissenschaft und Technik;Essay/Abhandlung;13;168;7.7;49;26.5;58;22.4
segmentebene;Wissenschaft und Technik;Kritik/Rezension;3;168;1.8;49;6.1;46;6.5
segmentebene;Wissenschaft und Technik;Bericht/Mitteilung/Protokoll;27;168;16.1;49;55.1;48;56.2
segmentebene;Wissenschaft und Technik;Rede/Vortrag;6;168;3.6;49;12.2;9;66.7
segmentebene;Gesellschaft und Zeitbetrachtung;Essay/Abhandlung;17;168;10.1;24;70.8;58;29.3
segmentebene;Gesellschaft und Zeitbetrachtung;Kritik/Rezension;1;168;0.6;24;4.2;46;2.2
segmentebene;Gesellschaft und Zeitbetrachtung;Bericht/Mitteilung/Protokoll;2;168;1.2;24;8.3;48;4.2
segmentebene;Gesellschaft und Zeitbetrachtung;Literarischer Primärtext;1;168;0.6;24;4.2;4;25.0
segmentebene;Gesellschaft und Zeitbetrachtung;Brief/Korrespondenz;3;168;1.8;24;12.5;3;100.0
segmentebene;Industrie und Wirtschaft;Essay/Abhandlung;4;168;2.4;21;19.0;58;6.9
segmentebene;Industrie und Wirtschaft;Kritik/Rezension;1;168;0.6;21;4.8;46;2.2
segmentebene;Industrie und Wirtschaft;Bericht/Mitteilung/Protokoll;16;168;9.5;21;76.2;48;33.3
segmentebene;Politik und Recht;Essay/Abhandlung;13;168;7.7;22;59.1;58;22.4
segmentebene;Politik und Recht;Kritik/Rezension;1;168;0.6;22;4.5;46;2.2
segmentebene;Politik und Recht;Bericht/Mitteilung/Protokoll;2;168;1.2;22;9.1;48;4.2
segmentebene;Politik und Recht;Rede/Vortrag;3;168;1.8;22;13.6;9;33.3
segmentebene;Politik und Recht;Literarischer Primärtext;3;168;1.8;22;13.6;4;75.0
segmentebene;unklar;Essay/Abhandlung;1;168;0.6;2;50.0;58;1.7
segmentebene;unklar;Bericht/Mitteilung/Protokoll;1;168;0.6;2;50.0;48;2.1
