ebene;primary_topic;secondary_topic;text_form;n;bezugszahl_gesamt;anteil_gesamt_prozent;bezugszahl_hauptthema;anteil_hauptthema_prozent;bezugszahl_textform;anteil_textform_prozent;bezugszahl_mit_zweitthema;anteil_mit_zweitthema_prozent;bezugszahl_zweitthema;anteil_zweitthema_prozent;bezugszahl_haupt_und_zweitthema_kombination;anteil_haupt_und_zweitthema_kombination_prozent
segmentebene;Kunst und Literatur;Gesellschaft und Zeitbetrachtung;Essay/Abhandlung;7;168;4.2;50;14.0;58;12.1;39;17.9;17;41.2;7;100.0
segmentebene;Kunst und Literatur;kein Zweitthema;Essay/Abhandlung;3;168;1.8;50;6.0;58;5.2;;;;;43;7.0
segmentebene;Kunst und Literatur;kein Zweitthema;Kritik/Rezension;40;168;23.8;50;80.0;46;87.0;;;;;43;93.0
segmentebene;Wissenschaft und Technik;Kunst und Literatur;Kritik/Rezension;2;168;1.2;49;4.1;46;4.3;39;5.1;9;22.2;2;100.0
segmentebene;Wissenschaft und Technik;Gesellschaft und Zeitbetrachtung;Essay/Abhandlung;3;168;1.8;49;6.1;58;5.2;39;7.7;17;17.6;6;50.0
segmentebene;Wissenschaft und Technik;Gesellschaft und Zeitbetrachtung;Bericht/Mitteilung/Protokoll;1;168;0.6;49;2.0;48;2.1;39;2.6;17;5.9;6;16.7
segmentebene;Wissenschaft und Technik;Gesellschaft und Zeitbetrachtung;Rede/Vortrag;2;168;1.2;49;4.1;9;22.2;39;5.1;17;11.8;6;33.3
segmentebene;Wissenschaft und Technik;Industrie und Wirtschaft;Bericht/Mitteilung/Protokoll;1;168;0.6;49;2.0;48;2.1;39;2.6;2;50.0;1;100.0
segmentebene;Wissenschaft und Technik;kein Zweitthema;Essay/Abhandlung;10;168;6.0;49;20.4;58;17.2;;;;;40;25.0
segmentebene;Wissenschaft und Technik;kein Zweitthema;Kritik/Rezension;1;168;0.6;49;2.0;46;2.2;;;;;40;2.5
segmentebene;Wissenschaft und Technik;kein Zweitthema;Bericht/Mitteilung/Protokoll;25;168;14.9;49;51.0;48;52.1;;;;;40;62.5
segmentebene;Wissenschaft und Technik;kein Zweitthema;Rede/Vortrag;4;168;2.4;49;8.2;9;44.4;;;;;40;10.0
segmentebene;Gesellschaft und Zeitbetrachtung;Kunst und Literatur;Essay/Abhandlung;2;168;1.2;24;8.3;58;3.4;39;5.1;9;22.2;2;100.0
segmentebene;Gesellschaft und Zeitbetrachtung;Industrie und Wirtschaft;Essay/Abhandlung;1;168;0.6;24;4.2;58;1.7;39;2.6;2;50.0;1;100.0
segmentebene;Gesellschaft und Zeitbetrachtung;Politik und Recht;Essay/Abhandlung;3;168;1.8;24;12.5;58;5.2;39;7.7;7;42.9;6;50.0
segmentebene;Gesellschaft und Zeitbetrachtung;Politik und Recht;Literarischer Primärtext;1;168;0.6;24;4.2;4;25.0;39;2.6;7;14.3;6;16.7
segmentebene;Gesellschaft und Zeitbetrachtung;Politik und Recht;Brief/Korrespondenz;2;168;1.2;24;8.3;3;66.7;39;5.1;7;28.6;6;33.3
segmentebene;Gesellschaft und Zeitbetrachtung;kein Zweitthema;Essay/Abhandlung;11;168;6.5;24;45.8;58;19.0;;;;;15;73.3
segmentebene;Gesellschaft und Zeitbetrachtung;kein Zweitthema;Kritik/Rezension;1;168;0.6;24;4.2;46;2.2;;;;;15;6.7
segmentebene;Gesellschaft und Zeitbetrachtung;kein Zweitthema;Bericht/Mitteilung/Protokoll;2;168;1.2;24;8.3;48;4.2;;;;;15;13.3
segmentebene;Gesellschaft und Zeitbetrachtung;kein Zweitthema;Brief/Korrespondenz;1;168;0.6;24;4.2;3;33.3;;;;;15;6.7
segmentebene;Industrie und Wirtschaft;Wissenschaft und Technik;Essay/Abhandlung;1;168;0.6;21;4.8;58;1.7;39;2.6;4;25.0;1;100.0
segmentebene;Industrie und Wirtschaft;Gesellschaft und Zeitbetrachtung;Bericht/Mitteilung/Protokoll;2;168;1.2;21;9.5;48;4.2;39;5.1;17;11.8;2;100.0
segmentebene;Industrie und Wirtschaft;Politik und Recht;Kritik/Rezension;1;168;0.6;21;4.8;46;2.2;39;2.6;7;14.3;1;100.0
segmentebene;Industrie und Wirtschaft;kein Zweitthema;Essay/Abhandlung;3;168;1.8;21;14.3;58;5.2;;;;;17;17.6
segmentebene;Industrie und Wirtschaft;kein Zweitthema;Bericht/Mitteilung/Protokoll;14;168;8.3;21;66.7;48;29.2;;;;;17;82.4
segmentebene;Politik und Recht;Kunst und Literatur;Essay/Abhandlung;3;168;1.8;22;13.6;58;5.2;39;7.7;9;33.3;5;60.0
segmentebene;Politik und Recht;Kunst und Literatur;Rede/Vortrag;2;168;1.2;22;9.1;9;22.2;39;5.1;9;22.2;5;40.0
segmentebene;Politik und Recht;Wissenschaft und Technik;Essay/Abhandlung;2;168;1.2;22;9.1;58;3.4;39;5.1;4;50.0;3;66.7
segmentebene;Politik und Recht;Wissenschaft und Technik;Rede/Vortrag;1;168;0.6;22;4.5;9;11.1;39;2.6;4;25.0;3;33.3
segmentebene;Politik und Recht;Gesellschaft und Zeitbetrachtung;Essay/Abhandlung;1;168;0.6;22;4.5;58;1.7;39;2.6;17;5.9;2;50.0
segmentebene;Politik und Recht;Gesellschaft und Zeitbetrachtung;Literarischer Primärtext;1;168;0.6;22;4.5;4;25.0;39;2.6;17;5.9;2;50.0
segmentebene;Politik und Recht;kein Zweitthema;Essay/Abhandlung;7;168;4.2;22;31.8;58;12.1;;;;;12;58.3
segmentebene;Politik und Recht;kein Zweitthema;Kritik/Rezension;1;168;0.6;22;4.5;46;2.2;;;;;12;8.3
segmentebene;Politik und Recht;kein Zweitthema;Bericht/Mitteilung/Protokoll;2;168;1.2;22;9.1;48;4.2;;;;;12;16.7
segmentebene;Politik und Recht;kein Zweitthema;Literarischer Primärtext;2;168;1.2;22;9.1;4;50.0;;;;;12;16.7
segmentebene;unklar;kein Zweitthema;Essay/Abhandlung;1;168;0.6;2;50.0;58;1.7;;;;;2;50.0
segmentebene;unklar;kein Zweitthema;Bericht/Mitteilung/Protokoll;1;168;0.6;2;50.0;48;2.1;;;;;2;50.0
