anno_issue_id;date;issue_number;digitized;has_feuilleton;feuilleton_pages;month_number;month;revolution_period;digitized_bool;has_feuilleton_bool;segmente;werke
wrz18480101;1848-01-01;1;ja;ja;2;1;Januar;Vor dem 13. März;True;True;1;1
wrz18480102;1848-01-02;2;ja;ja;2;1;Januar;Vor dem 13. März;True;True;2;2
wrz18480103;1848-01-03;3;ja;ja;2;1;Januar;Vor dem 13. März;True;True;2;2
wrz18480104;1848-01-04;4;ja;ja;2;1;Januar;Vor dem 13. März;True;True;2;2
wrz18480105;1848-01-05;5;ja;ja;1;1;Januar;Vor dem 13. März;True;True;1;1
wrz18480106;1848-01-06;6;ja;ja;2;1;Januar;Vor dem 13. März;True;True;4;4
wrz18480107;1848-01-07;7;ja;ja;2;1;Januar;Vor dem 13. März;True;True;3;3
wrz18480108;1848-01-08;8;ja;ja;2;1;Januar;Vor dem 13. März;True;True;2;2
wrz18480109;1848-01-09;9;ja;ja;2;1;Januar;Vor dem 13. März;True;True;2;2
wrz18480110;1848-01-10;10;ja;ja;2;1;Januar;Vor dem 13. März;True;True;1;1
wrz18480111;1848-01-11;11;nein;;;1;Januar;Vor dem 13. März;False;;0;0
wrz18480112;1848-01-12;12;ja;nein;0;1;Januar;Vor dem 13. März;True;False;0;0
wrz18480113;1848-01-13;13;ja;ja;1;1;Januar;Vor dem 13. März;True;True;3;3
wrz18480114;1848-01-14;14;ja;nein;0;1;Januar;Vor dem 13. März;True;False;0;0
wrz18480115;1848-01-15;15;ja;ja;2;1;Januar;Vor dem 13. März;True;True;1;1
wrz18480116;1848-01-16;16;ja;ja;2;1;Januar;Vor dem 13. März;True;True;1;1
wrz18480117;1848-01-17;17;ja;ja;1;1;Januar;Vor dem 13. März;True;True;2;2
wrz18480118;1848-01-18;18;ja;ja;2;1;Januar;Vor dem 13. März;True;True;1;1
wrz18480119;1848-01-19;19;ja;ja;1;1;Januar;Vor dem 13. März;True;True;1;1
wrz18480120;1848-01-20;20;ja;ja;1;1;Januar;Vor dem 13. März;True;True;2;2
wrz18480121;1848-01-21;21;ja;ja;2;1;Januar;Vor dem 13. März;True;True;2;2
wrz18480122;1848-01-22;22;ja;ja;2;1;Januar;Vor dem 13. März;True;True;1;1
wrz18480123;1848-01-23;23;ja;ja;2;1;Januar;Vor dem 13. März;True;True;1;1
wrz18480124;1848-01-24;24;ja;ja;2;1;Januar;Vor dem 13. März;True;True;2;2
wrz18480125;1848-01-25;25;ja;ja;2;1;Januar;Vor dem 13. März;True;True;1;1
wrz18480126;1848-01-26;26;ja;ja;2;1;Januar;Vor dem 13. März;True;True;1;1
wrz18480127;1848-01-27;27;ja;ja;1;1;Januar;Vor dem 13. März;True;True;1;1
wrz18480128;1848-01-28;28;ja;ja;1;1;Januar;Vor dem 13. März;True;True;1;1
wrz18480129;1848-01-29;29;ja;ja;2;1;Januar;Vor dem 13. März;True;True;3;3
wrz18480130;1848-01-30;30;ja;ja;2;1;Januar;Vor dem 13. März;True;True;1;1
wrz18480131;1848-01-31;31;ja;ja;2;1;Januar;Vor dem 13. März;True;True;1;1
wrz18480201;1848-02-01;32;ja;ja;2;2;Februar;Vor dem 13. März;True;True;1;1
wrz18480202;1848-02-02;33;ja;ja;1;2;Februar;Vor dem 13. März;True;True;2;2
wrz18480203;1848-02-03;34;ja;ja;1;2;Februar;Vor dem 13. März;True;True;1;1
wrz18480204;1848-02-04;35;ja;ja;2;2;Februar;Vor dem 13. März;True;True;1;1
wrz18480205;1848-02-05;36;ja;ja;2;2;Februar;Vor dem 13. März;True;True;1;1
wrz18480206;1848-02-06;37;ja;ja;1;2;Februar;Vor dem 13. März;True;True;1;1
wrz18480207;1848-02-07;38;ja;ja;2;2;Februar;Vor dem 13. März;True;True;1;1
wrz18480208;1848-02-08;39;ja;ja;1;2;Februar;Vor dem 13. März;True;True;1;1
wrz18480209;1848-02-09;40;ja;ja;2;2;Februar;Vor dem 13. März;True;True;2;2
wrz18480210;1848-02-10;41;ja;ja;1;2;Februar;Vor dem 13. März;True;True;2;2
wrz18480211;1848-02-11;42;ja;ja;2;2;Februar;Vor dem 13. März;True;True;2;2
wrz18480212;1848-02-12;43;ja;nein;0;2;Februar;Vor dem 13. März;True;False;0;0
wrz18480213;1848-02-13;44;ja;ja;1;2;Februar;Vor dem 13. März;True;True;2;2
wrz18480214;1848-02-14;45;ja;nein;0;2;Februar;Vor dem 13. März;True;False;0;0
wrz18480215;1848-02-15;46;ja;ja;1;2;Februar;Vor dem 13. März;True;True;1;1
wrz18480216;1848-02-16;47;ja;ja;2;2;Februar;Vor dem 13. März;True;True;1;1
wrz18480217;1848-02-17;48;ja;ja;2;2;Februar;Vor dem 13. März;True;True;1;1
wrz18480218;1848-02-18;49;ja;ja;2;2;Februar;Vor dem 13. März;True;True;2;2
wrz18480219;1848-02-19;50;ja;ja;2;2;Februar;Vor dem 13. März;True;True;2;2
wrz18480220;1848-02-20;51;ja;nein;0;2;Februar;Vor dem 13. März;True;False;0;0
wrz18480221;1848-02-21;52;ja;ja;2;2;Februar;Vor dem 13. März;True;True;3;3
wrz18480222;1848-02-22;53;ja;ja;2;2;Februar;Vor dem 13. März;True;True;3;3
wrz18480223;1848-02-23;54;ja;ja;2;2;Februar;Vor dem 13. März;True;True;2;2
wrz18480224;1848-02-24;55;ja;ja;1;2;Februar;Vor dem 13. März;True;True;1;1
wrz18480225;1848-02-25;56;ja;ja;2;2;Februar;Vor dem 13. März;True;True;1;1
wrz18480226;1848-02-26;57;ja;ja;2;2;Februar;Vor dem 13. März;True;True;1;1
wrz18480227;1848-02-27;58;ja;ja;1;2;Februar;Vor dem 13. März;True;True;1;1
wrz18480228;1848-02-28;59;ja;ja;1;2;Februar;Vor dem 13. März;True;True;2;2
wrz18480229;1848-02-29;60;ja;ja;2;2;Februar;Vor dem 13. März;True;True;2;2
wrz18480301;1848-03-01;61;ja;ja;1;3;März;Vor dem 13. März;True;True;2;2
wrz18480302;1848-03-02;62;ja;ja;2;3;März;Vor dem 13. März;True;True;1;1
wrz18480303;1848-03-03;63;ja;ja;1;3;März;Vor dem 13. März;True;True;1;1
wrz18480304;1848-03-04;64;ja;nein;0;3;März;Vor dem 13. März;True;False;0;0
wrz18480305;1848-03-05;65;ja;ja;2;3;März;Vor dem 13. März;True;True;1;1
wrz18480306;1848-03-06;66;ja;ja;1;3;März;Vor dem 13. März;True;True;1;1
wrz18480307;1848-03-07;67;ja;nein;0;3;März;Vor dem 13. März;True;False;0;0
wrz18480308;1848-03-08;68;ja;ja;1;3;März;Vor dem 13. März;True;True;1;1
wrz18480309;1848-03-09;69;ja;ja;2;3;März;Vor dem 13. März;True;True;2;2
wrz18480310;1848-03-10;70;ja;ja;1;3;März;Vor dem 13. März;True;True;1;1
wrz18480311;1848-03-11;71;ja;ja;1;3;März;Vor dem 13. März;True;True;1;1
wrz18480312;1848-03-12;72;ja;ja;1;3;März;Vor dem 13. März;True;True;1;1
wrz18480313;1848-03-13;73;ja;ja;2;3;März;Ab dem 13. März;True;True;2;2
wrz18480314;1848-03-14;74;ja;ja;2;3;März;Ab dem 13. März;True;True;2;2
wrz18480315;1848-03-15;75;ja;ja;1;3;März;Ab dem 13. März;True;True;1;1
wrz18480316;1848-03-16;76;ja;nein;0;3;März;Ab dem 13. März;True;False;0;0
wrz18480317;1848-03-17;77;ja;nein;0;3;März;Ab dem 13. März;True;False;0;0
wrz18480318;1848-03-18;78;ja;ja;2;3;März;Ab dem 13. März;True;True;3;3
wrz18480319;1848-03-19;79;ja;ja;2;3;März;Ab dem 13. März;True;True;1;1
wrz18480320;1848-03-20;80;ja;ja;1;3;März;Ab dem 13. März;True;True;1;1
wrz18480321;1848-03-21;81;ja;ja;1;3;März;Ab dem 13. März;True;True;2;2
wrz18480322;1848-03-22;82;ja;nein;0;3;März;Ab dem 13. März;True;False;0;0
wrz18480323;1848-03-23;83;ja;nein;0;3;März;Ab dem 13. März;True;False;0;0
wrz18480324;1848-03-24;84;ja;ja;1;3;März;Ab dem 13. März;True;True;1;1
wrz18480325;1848-03-25;85;ja;ja;1;3;März;Ab dem 13. März;True;True;1;1
wrz18480326;1848-03-26;86;ja;ja;1;3;März;Ab dem 13. März;True;True;1;1
wrz18480327;1848-03-27;87;ja;nein;0;3;März;Ab dem 13. März;True;False;0;0
wrz18480328;1848-03-28;88;ja;nein;0;3;März;Ab dem 13. März;True;False;0;0
wrz18480329;1848-03-29;89;ja;ja;1;3;März;Ab dem 13. März;True;True;1;1
wrz18480330;1848-03-30;90;ja;ja;2;3;März;Ab dem 13. März;True;True;2;2
wrz18480331;1848-03-31;91;ja;nein;0;3;März;Ab dem 13. März;True;False;0;0
wrz18480401;1848-04-01;92;ja;nein;0;4;April;Ab dem 13. März;True;False;0;0
wrz18480402;1848-04-02;93;ja;ja;2;4;April;Ab dem 13. März;True;True;1;1
wrz18480403;1848-04-03;94;ja;ja;2;4;April;Ab dem 13. März;True;True;1;1
wrz18480404;1848-04-04;95;ja;nein;0;4;April;Ab dem 13. März;True;False;0;0
wrz18480405;1848-04-05;96;ja;ja;2;4;April;Ab dem 13. März;True;True;2;2
wrz18480406;1848-04-06;97;ja;ja;1;4;April;Ab dem 13. März;True;True;1;1
wrz18480407;1848-04-07;98;ja;ja;2;4;April;Ab dem 13. März;True;True;2;2
wrz18480408;1848-04-08;99;ja;nein;0;4;April;Ab dem 13. März;True;False;0;0
wrz18480409;1848-04-09;100;ja;nein;0;4;April;Ab dem 13. März;True;False;0;0
wrz18480410;1848-04-10;101;ja;nein;0;4;April;Ab dem 13. März;True;False;0;0
wrz18480411;1848-04-11;102;ja;ja;1;4;April;Ab dem 13. März;True;True;1;1
wrz18480412;1848-04-12;103;ja;ja;2;4;April;Ab dem 13. März;True;True;3;3
wrz18480413;1848-04-13;104;ja;ja;1;4;April;Ab dem 13. März;True;True;1;1
wrz18480414;1848-04-14;105;ja;ja;2;4;April;Ab dem 13. März;True;True;1;1
wrz18480415;1848-04-15;106;ja;ja;2;4;April;Ab dem 13. März;True;True;1;1
wrz18480416;1848-04-16;107;ja;ja;2;4;April;Ab dem 13. März;True;True;1;1
wrz18480417;1848-04-17;108;ja;nein;0;4;April;Ab dem 13. März;True;False;0;0
wrz18480418;1848-04-18;109;ja;nein;0;4;April;Ab dem 13. März;True;False;0;0
wrz18480419;1848-04-19;110;ja;ja;2;4;April;Ab dem 13. März;True;True;4;4
wrz18480420;1848-04-20;111;ja;ja;2;4;April;Ab dem 13. März;True;True;2;2
wrz18480421;1848-04-21;112;ja;ja;1;4;April;Ab dem 13. März;True;True;1;1
wrz18480422;1848-04-22;113;ja;nein;0;4;April;Ab dem 13. März;True;False;0;0
wrz18480424;1848-04-24;114;nein;;;4;April;Ab dem 13. März;False;;0;0
wrz18480425;1848-04-25;115;ja;nein;0;4;April;Ab dem 13. März;True;False;0;0
wrz18480426;1848-04-26;116;ja;nein;0;4;April;Ab dem 13. März;True;False;0;0
wrz18480427;1848-04-27;117;ja;ja;2;4;April;Ab dem 13. März;True;True;1;1
wrz18480428;1848-04-28;118;ja;ja;1;4;April;Ab dem 13. März;True;True;1;1
wrz18480429;1848-04-29;119;ja;nein;0;4;April;Ab dem 13. März;True;False;0;0
wrz18480430;1848-04-30;120;ja;ja;1;4;April;Ab dem 13. März;True;True;2;2
wrz18480501;1848-05-01;121;ja;nein;0;5;Mai;Ab dem 13. März;True;False;0;0
wrz18480502;1848-05-02;122;ja;nein;0;5;Mai;Ab dem 13. März;True;False;0;0
wrz18480503;1848-05-03;123;ja;ja;1;5;Mai;Ab dem 13. März;True;True;1;1
wrz18480504;1848-05-04;124;ja;nein;0;5;Mai;Ab dem 13. März;True;False;0;0
wrz18480505;1848-05-05;125;ja;ja;1;5;Mai;Ab dem 13. März;True;True;1;1
wrz18480506;1848-05-06;126;ja;ja;1;5;Mai;Ab dem 13. März;True;True;1;1
wrz18480507;1848-05-07;127;ja;nein;0;5;Mai;Ab dem 13. März;True;False;0;0
wrz18480508;1848-05-08;128;ja;nein;0;5;Mai;Ab dem 13. März;True;False;0;0
wrz18480509;1848-05-09;129;ja;ja;1;5;Mai;Ab dem 13. März;True;True;1;1
wrz18480510;1848-05-10;130;ja;nein;0;5;Mai;Ab dem 13. März;True;False;0;0
wrz18480511;1848-05-11;131;ja;ja;1;5;Mai;Ab dem 13. März;True;True;1;1
wrz18480512;1848-05-12;132;ja;ja;1;5;Mai;Ab dem 13. März;True;True;1;1
wrz18480513;1848-05-13;133;ja;nein;0;5;Mai;Ab dem 13. März;True;False;0;0
wrz18480514;1848-05-14;134;ja;ja;1;5;Mai;Ab dem 13. März;True;True;1;1
wrz18480515;1848-05-15;135;ja;ja;1;5;Mai;Ab dem 13. März;True;True;1;1
wrz18480516;1848-05-16;136;ja;ja;1;5;Mai;Ab dem 13. März;True;True;1;1
wrz18480517;1848-05-17;137;ja;nein;0;5;Mai;Ab dem 13. März;True;False;0;0
wrz18480518;1848-05-18;138;ja;nein;0;5;Mai;Ab dem 13. März;True;False;0;0
wrz18480519;1848-05-19;139;ja;nein;0;5;Mai;Ab dem 13. März;True;False;0;0
wrz18480520;1848-05-20;140;ja;nein;0;5;Mai;Ab dem 13. März;True;False;0;0
wrz18480521;1848-05-21;141;ja;nein;0;5;Mai;Ab dem 13. März;True;False;0;0
wrz18480522;1848-05-22;142;ja;nein;0;5;Mai;Ab dem 13. März;True;False;0;0
wrz18480523;1848-05-23;143;ja;ja;1;5;Mai;Ab dem 13. März;True;True;1;1
wrz18480524;1848-05-24;144;ja;nein;0;5;Mai;Ab dem 13. März;True;False;0;0
wrz18480525;1848-05-25;145;ja;nein;0;5;Mai;Ab dem 13. März;True;False;0;0
wrz18480526;1848-05-26;146;ja;ja;1;5;Mai;Ab dem 13. März;True;True;1;1
wrz18480527;1848-05-27;147;ja;nein;0;5;Mai;Ab dem 13. März;True;False;0;0
wrz18480528;1848-05-28;148;ja;ja;1;5;Mai;Ab dem 13. März;True;True;2;2
wrz18480529;1848-05-29;149;ja;ja;2;5;Mai;Ab dem 13. März;True;True;1;1
wrz18480530;1848-05-30;150;ja;ja;2;5;Mai;Ab dem 13. März;True;True;1;1
wrz18480531;1848-05-31;151;ja;nein;0;5;Mai;Ab dem 13. März;True;False;0;0
wrz18480601;1848-06-01;152;ja;nein;0;6;Juni;Ab dem 13. März;True;False;0;0
wrz18480602;1848-06-02;153;ja;nein;0;6;Juni;Ab dem 13. März;True;False;0;0
wrz18480603;1848-06-03;154;ja;nein;0;6;Juni;Ab dem 13. März;True;False;0;0
wrz18480604;1848-06-04;155;ja;nein;0;6;Juni;Ab dem 13. März;True;False;0;0
wrz18480605;1848-06-05;156;ja;nein;0;6;Juni;Ab dem 13. März;True;False;0;0
wrz18480606;1848-06-06;157;ja;ja;1;6;Juni;Ab dem 13. März;True;True;1;1
wrz18480607;1848-06-07;158;ja;ja;1;6;Juni;Ab dem 13. März;True;True;1;1
wrz18480608;1848-06-08;159;ja;ja;1;6;Juni;Ab dem 13. März;True;True;1;1
wrz18480609;1848-06-09;160;ja;nein;0;6;Juni;Ab dem 13. März;True;False;0;0
wrz18480610;1848-06-10;161;ja;nein;0;6;Juni;Ab dem 13. März;True;False;0;0
wrz18480612;1848-06-12;162;ja;nein;0;6;Juni;Ab dem 13. März;True;False;0;0
wrz18480613;1848-06-13;163;ja;nein;0;6;Juni;Ab dem 13. März;True;False;0;0
wrz18480614;1848-06-14;164;ja;nein;0;6;Juni;Ab dem 13. März;True;False;0;0
wrz18480615;1848-06-15;165;ja;nein;0;6;Juni;Ab dem 13. März;True;False;0;0
wrz18480616;1848-06-16;166;ja;ja;1;6;Juni;Ab dem 13. März;True;True;2;2
wrz18480617;1848-06-17;167;ja;nein;0;6;Juni;Ab dem 13. März;True;False;0;0
wrz18480618;1848-06-18;168;ja;ja;2;6;Juni;Ab dem 13. März;True;True;2;2
wrz18480619;1848-06-19;169;ja;ja;2;6;Juni;Ab dem 13. März;True;True;2;2
wrz18480620;1848-06-20;170;ja;nein;0;6;Juni;Ab dem 13. März;True;False;0;0
wrz18480621;1848-06-21;171;ja;nein;0;6;Juni;Ab dem 13. März;True;False;0;0
wrz18480623;1848-06-23;172;ja;nein;0;6;Juni;Ab dem 13. März;True;False;0;0
wrz18480624;1848-06-24;173;ja;nein;0;6;Juni;Ab dem 13. März;True;False;0;0
wrz18480625;1848-06-25;174;ja;nein;0;6;Juni;Ab dem 13. März;True;False;0;0
wrz18480626;1848-06-26;175;ja;nein;0;6;Juni;Ab dem 13. März;True;False;0;0
wrz18480627;1848-06-27;176;ja;nein;0;6;Juni;Ab dem 13. März;True;False;0;0
wrz18480628;1848-06-28;177;ja;ja;1;6;Juni;Ab dem 13. März;True;True;1;1
wrz18480629;1848-06-29;178;ja;ja;2;6;Juni;Ab dem 13. März;True;True;1;1
wrz18480630;1848-06-30;179;ja;nein;0;6;Juni;Ab dem 13. März;True;False;0;0
