author_normalized;werke;segmente;erstes_erscheinen;letztes_erscheinen;identifikationsstatus;gedruckte_signaturen;hauptthemen;textformen;anteil_an_allen_werken_prozent;anteil_an_werken_mit_autorenbezeichnung_prozent
Eduard Hanslick;20;20;1848-01-07;1848-06-28;gesichert | unsicher | wahrscheinlich;E. H. | Ed. H. | Ed. Hanslick | Eduard Hanslick | Renatus;Gesellschaft und Zeitbetrachtung | Kunst und Literatur | Politik und Recht;Essay/Abhandlung | Kritik/Rezension;13.3;18.7
Rudolf Eitelberger von Edelberg;11;12;1848-01-02;1848-06-06;gesichert | wahrscheinlich;E. v. E. | R. E. v. E. | R. Eitelberger v. Edelberg | Rud. Eitelberger von Edelberg. | Von R. Eitelberger v. Edelberg | von Rudolph Eitelberger v. Edelberg.;Gesellschaft und Zeitbetrachtung | Kunst und Literatur | Politik und Recht;Essay/Abhandlung | Kritik/Rezension | Rede/Vortrag;7.3;10.3
Leopold Fürstedler;10;10;1848-01-02;1848-06-29;wahrscheinlich;L. F.–r. | L. F–r.;Industrie und Wirtschaft | Kunst und Literatur | Wissenschaft und Technik;Essay/Abhandlung | Kritik/Rezension;6.7;9.3
Quidam;4;4;1848-03-30;1848-05-16;nicht identifiziert;Quidam;Kunst und Literatur | Politik und Recht;Essay/Abhandlung | Kritik/Rezension;2.7;3.7
Moritz Heyssler;3;4;1848-01-01;1848-04-03;unsicher;L. N.;Gesellschaft und Zeitbetrachtung | Politik und Recht;Essay/Abhandlung;2.0;2.8
Ferdinand Kürnberger;2;4;1848-01-15;1848-01-30;gesichert;Ferd. Kürnberger | Ferdinand Kürnberger;Kunst und Literatur;Essay/Abhandlung | Kritik/Rezension;1.3;1.9
Joseph von Würth;2;3;1848-01-31;1848-02-16;gesichert;Dr. Joseph v. Würth;Politik und Recht;Essay/Abhandlung;1.3;1.9
J. P.;2;2;1848-01-05;1848-03-03;nicht identifiziert;J. P.;Gesellschaft und Zeitbetrachtung;Essay/Abhandlung;1.3;1.9
Johann Georg Müller;2;2;1848-01-27;1848-03-18;gesichert | wahrscheinlich;Georg Müller, Architekt | J. G. Müller;Kunst und Literatur | Politik und Recht;Kritik/Rezension | Literarischer Primärtext;1.3;1.9
P. M.;2;2;1848-04-05;1848-04-11;nicht identifiziert;P. M.;Gesellschaft und Zeitbetrachtung;Brief/Korrespondenz;1.3;1.9
Siegfried Reissek;2;2;1848-02-22;1848-02-24;wahrscheinlich;Reissek;Wissenschaft und Technik;Essay/Abhandlung;1.3;1.9
Simon Szánto;2;2;1848-06-08;1848-06-19;unsicher;S. Sz. | S. Sz.–;Gesellschaft und Zeitbetrachtung;Essay/Abhandlung;1.3;1.9
Ignaz Johann Hanuš;1;3;1848-02-25;1848-02-27;unsicher;Prof. Hanusch;Gesellschaft und Zeitbetrachtung;Essay/Abhandlung;0.7;0.9
Moriz von Stubenrauch;1;3;1848-03-13;1848-03-15;gesichert;Von Dr. Moriz v. Stubenrauch;Industrie und Wirtschaft;Bericht/Mitteilung/Protokoll;0.7;0.9
Wilhelm Emil Wahlberg;1;3;1848-01-22;1848-01-24;gesichert;Wilhelm Emil Wahlberg;Wissenschaft und Technik;Essay/Abhandlung;0.7;0.9
Andreas von Ettingshausen;1;2;1848-02-08;1848-02-09;gesichert;Andreas von Ettingshausen;Wissenschaft und Technik;Rede/Vortrag;0.7;0.9
Carl Oberleitner;1;2;1848-05-29;1848-05-30;gesichert;Carl Oberleitner;Politik und Recht;Essay/Abhandlung;0.7;0.9
E. T.;1;2;1848-03-18;1848-03-19;nicht identifiziert;E. T.;Industrie und Wirtschaft;Essay/Abhandlung;0.7;0.9
Joseph von Hammer-Purgstall;1;2;1848-02-04;1848-02-05;gesichert;gesprochen von deren Präsidenten Joseph Freiherrn v. Hammer-Purgstall;Wissenschaft und Technik;Rede/Vortrag;0.7;0.9
Ludwig Freiherr Forgatsch von Forgatsch;1;2;1848-03-25;1848-03-26;wahrscheinlich;Von Ludwig Freiherrn v. Forgatsch;Wissenschaft und Technik;Rede/Vortrag;0.7;0.9
Adalbert Stifter;1;1;1848-02-03;1848-02-03;unsicher;St.;Gesellschaft und Zeitbetrachtung;Essay/Abhandlung;0.7;0.9
Administration der ersten k. k. privil. Donau-Dampfschifffahrts-Gesellschaft;1;1;1848-01-06;1848-01-06;wahrscheinlich;Die Administration der ersten k. k. privil. Donau-Dampfschifffahrts-Gesellschaft.;Industrie und Wirtschaft;Bericht/Mitteilung/Protokoll;0.7;0.9
Alexander Zawadzki;1;1;1848-03-08;1848-03-08;wahrscheinlich;Dr. Zawadzki, Prof. der Physik;Wissenschaft und Technik;Bericht/Mitteilung/Protokoll;0.7;0.9
Anton Hye von Gluneck;1;1;1848-01-25;1848-01-25;wahrscheinlich;Anton Hye;unklar;Essay/Abhandlung;0.7;0.9
Anton Tomaschek;1;1;1848-02-09;1848-02-09;gesichert;Anton Tomaschek;Wissenschaft und Technik;Bericht/Mitteilung/Protokoll;0.7;0.9
Anton von Spaun;1;1;1848-02-07;1848-02-07;wahrscheinlich;A. Ritter v. Spaun;Kunst und Literatur;Kritik/Rezension;0.7;0.9
Arnold Löwe;1;1;1848-04-12;1848-04-12;gesichert;Gesprochen von Dr. Arnold Löwe;Politik und Recht;Rede/Vortrag;0.7;0.9
Augustin Reslhuber;1;1;1848-02-22;1848-02-22;wahrscheinlich;Aug. Reslhuber, Dir. der Sternwarte;Wissenschaft und Technik;Bericht/Mitteilung/Protokoll;0.7;0.9
Direction der Oedenburg-Wiener-Neustädter Eisenbahn;1;1;1848-01-09;1848-01-09;wahrscheinlich;Von der Direction der Oedenburg-Wiener-Neustädter Eisenbahn;Industrie und Wirtschaft;Bericht/Mitteilung/Protokoll;0.7;0.9
Direction der Ungarischen Central-Eisenbahn;1;1;1848-01-07;1848-01-07;wahrscheinlich;Von der Direction der Ungarischen Central-Eisenbahn.;Industrie und Wirtschaft;Bericht/Mitteilung/Protokoll;0.7;0.9
Direction der a. p. Kaiser Ferdinands Nordbahn;1;1;1848-01-06;1848-01-06;wahrscheinlich;Von der Direction der a. p. Kaiser Ferdinands Nordbahn.;Industrie und Wirtschaft;Bericht/Mitteilung/Protokoll;0.7;0.9
E. Straube;1;1;1848-04-20;1848-04-20;nicht identifiziert;Von E. Straube;Gesellschaft und Zeitbetrachtung;Essay/Abhandlung;0.7;0.9
F.;1;1;1848-05-14;1848-05-14;nicht identifiziert;F.;Kunst und Literatur;Kritik/Rezension;0.7;0.9
Ferdinand von Hebra;1;1;1848-06-18;1848-06-18;wahrscheinlich;Dr. Hebra;Wissenschaft und Technik;Essay/Abhandlung;0.7;0.9
Gustav Wenzel;1;1;1848-03-06;1848-03-06;gesichert;Dr. Gustav Wenzel;Wissenschaft und Technik;Kritik/Rezension;0.7;0.9
H....;1;1;1848-02-11;1848-02-11;nicht identifiziert;H....;Kunst und Literatur;Kritik/Rezension;0.7;0.9
Ignaz Franz Castelli;1;1;1848-01-21;1848-01-21;unsicher;Dr. Castelli, Vorstand;Gesellschaft und Zeitbetrachtung;Brief/Korrespondenz;0.7;0.9
J. Härdtl;1;1;1848-03-21;1848-03-21;nicht identifiziert;J. Härdtl;Politik und Recht;Literarischer Primärtext;0.7;0.9
Johann Gabriel Seidl;1;1;1848-01-03;1848-01-03;wahrscheinlich;J. G. Seidl.;Gesellschaft und Zeitbetrachtung;Essay/Abhandlung;0.7;0.9
Johann Hofstetter;1;1;1848-03-11;1848-03-11;gesichert;Johann Hofstetter;Wissenschaft und Technik;Kritik/Rezension;0.7;0.9
Johannes Nordmann;1;1;1848-02-19;1848-02-19;gesichert;Johannes Nordmann;Kunst und Literatur;Essay/Abhandlung;0.7;0.9
Jos. Gottlieb Frank;1;1;1848-06-16;1848-06-16;nicht identifiziert;Jos. Gottlieb Frank.;Wissenschaft und Technik;Essay/Abhandlung;0.7;0.9
Joseph Bermann;1;1;1848-03-18;1848-03-18;unsicher;Von Benno Phisemar;Politik und Recht;Literarischer Primärtext;0.7;0.9
Joseph Seifert;1;1;1848-01-21;1848-01-21;gesichert;Joseph Seifert, k. k. Hofthierarzt, Wund- und Geburtsarzt.;Wissenschaft und Technik;Essay/Abhandlung;0.7;0.9
Julius von Zerboni di Sposetti;1;1;1848-06-18;1848-06-18;gesichert;Julius Zerboni di Sposetti;Politik und Recht;Essay/Abhandlung;0.7;0.9
Karl Eduard Hammerschmidt;1;1;1848-01-20;1848-01-20;wahrscheinlich;Dr. Hammerschmidt m. p., Bezirks-Director des Kreuzer-Vereins;Industrie und Wirtschaft;Bericht/Mitteilung/Protokoll;0.7;0.9
L. F.;1;1;1848-05-28;1848-05-28;nicht identifiziert;L. F.;Kunst und Literatur;Kritik/Rezension;0.7;0.9
L. Fr.;1;1;1848-04-19;1848-04-19;nicht identifiziert;L. Fr.;Gesellschaft und Zeitbetrachtung;Kritik/Rezension;0.7;0.9
Ludwig Koller;1;1;1848-03-09;1848-03-09;gesichert;Ludwig Koller;Kunst und Literatur;Kritik/Rezension;0.7;0.9
M. G–r.;1;1;1848-02-21;1848-02-21;nicht identifiziert;M. G–r.;Gesellschaft und Zeitbetrachtung;Essay/Abhandlung;0.7;0.9
Max von Löwenthal;1;1;1848-03-21;1848-03-21;wahrscheinlich;Max Löwenthal;Gesellschaft und Zeitbetrachtung;Literarischer Primärtext;0.7;0.9
N. Fürst;1;1;1848-02-01;1848-02-01;nicht identifiziert;N. Fürst;Wissenschaft und Technik;Essay/Abhandlung;0.7;0.9
National-Garde;1;1;1848-04-07;1848-04-07;nicht identifiziert;Ein National-Garde.;Politik und Recht;Essay/Abhandlung;0.7;0.9
Otto Bernhard Friedmann;1;1;1848-01-26;1848-01-26;unsicher;X. Y. Z.;Wissenschaft und Technik;Essay/Abhandlung;0.7;0.9
Otto Freiherr von Hingenau;1;1;1848-01-10;1848-01-10;gesichert;Otto Freiherr v. Hingenau;Gesellschaft und Zeitbetrachtung;Essay/Abhandlung;0.7;0.9
Wilhelm Matzka;1;1;1848-02-02;1848-02-02;wahrscheinlich;Dr. Wilh. Matzka, Prof.;Wissenschaft und Technik;Essay/Abhandlung;0.7;0.9
†††;1;1;1848-01-29;1848-01-29;nicht identifiziert;†††;Kunst und Literatur;Kritik/Rezension;0.7;0.9
