signatur;werke;segmente;hauptthemen;titel
Quidam;4;4;Kunst und Literatur | Politik und Recht;Denkblatt an Oesterreichs drei glorreichste Tage. | Kunstblatt. | Theater. Zopf und Schwert. | [Ohne Titel]
J. P.;2;2;Gesellschaft und Zeitbetrachtung;Des Oesterreichers richtiger Standpunct. | Zur Orientirung.
P. M.;2;2;Gesellschaft und Zeitbetrachtung;Briefe aus der Provinz.
E. T.;1;2;Industrie und Wirtschaft;Populäre Darstellung der Natur einer Circulations-Bank, mit Beziehung auf den Ausweis der Oesterr. Nationalbank vom 5. März über ihren Activ- und Passivstand.
Ein National-Garde.;1;1;Politik und Recht;Das Französische Grundgesetz über die National-Garde
F.;1;1;Kunst und Literatur;Theater.
H....;1;1;Kunst und Literatur;M. G. Saphir's musikalisch-declamatorische Akademie und humoristische Vorlesung am 6. Februar 1848 Mittags im Kärntnerthortheater.
J. Härdtl;1;1;Politik und Recht;Das alte Volkslied neu angestimmt am 15. März 1848.
Jos. Gottlieb Frank.;1;1;Wissenschaft und Technik;Zeitgemäße Bitte
L. F.;1;1;Kunst und Literatur;Theater.
L. Fr.;1;1;Gesellschaft und Zeitbetrachtung;Ueber das Armthum.
M. G–r.;1;1;Gesellschaft und Zeitbetrachtung;Der Verein der Candidaten der medicinisch-chirurgischen Studien an der Wiener Hochschule zur Unterstützung hilfsbedürftiger Collegen.
N. Fürst;1;1;Wissenschaft und Technik;Untersuchungen über die Kometen.
Von E. Straube;1;1;Gesellschaft und Zeitbetrachtung;Dieß Wort gehört den Proletariern!
†††;1;1;Kunst und Literatur;Dorf und Stadt.
