author_normalized;author_as_printed;author_identity_status;werke;segmente
Adalbert Stifter;St.;unsicher;1;1
Administration der ersten k. k. privil. Donau-Dampfschifffahrts-Gesellschaft;Die Administration der ersten k. k. privil. Donau-Dampfschifffahrts-Gesellschaft.;wahrscheinlich;1;1
Alexander Zawadzki;Dr. Zawadzki, Prof. der Physik;wahrscheinlich;1;1
Andreas von Ettingshausen;Andreas von Ettingshausen;gesichert;1;2
Anton Hye von Gluneck;Anton Hye;wahrscheinlich;1;1
Anton Tomaschek;Anton Tomaschek;gesichert;1;1
Anton von Spaun;A. Ritter v. Spaun;wahrscheinlich;1;1
Arnold Löwe;Gesprochen von Dr. Arnold Löwe;gesichert;1;1
Augustin Reslhuber;Aug. Reslhuber, Dir. der Sternwarte;wahrscheinlich;1;1
Carl Oberleitner;Carl Oberleitner;gesichert;1;2
Direction der Oedenburg-Wiener-Neustädter Eisenbahn;Von der Direction der Oedenburg-Wiener-Neustädter Eisenbahn;wahrscheinlich;1;1
Direction der Ungarischen Central-Eisenbahn;Von der Direction der Ungarischen Central-Eisenbahn.;wahrscheinlich;1;1
Direction der a. p. Kaiser Ferdinands Nordbahn;Von der Direction der a. p. Kaiser Ferdinands Nordbahn.;wahrscheinlich;1;1
E. Straube;Von E. Straube;nicht identifiziert;1;1
E. T.;E. T.;nicht identifiziert;1;1
Eduard Hanslick;Renatus;wahrscheinlich;8;8
Eduard Hanslick;Ed. H.;wahrscheinlich;5;5
Eduard Hanslick;Ed. Hanslick;gesichert;3;3
Eduard Hanslick;Eduard Hanslick;gesichert;2;2
Eduard Hanslick;E. H.;wahrscheinlich;1;1
F.;F.;nicht identifiziert;1;1
Ferdinand Kürnberger;Ferd. Kürnberger;gesichert;1;1
Ferdinand Kürnberger;Ferdinand Kürnberger;gesichert;1;1
Ferdinand von Hebra;Dr. Hebra;wahrscheinlich;1;1
Gustav Wenzel;Dr. Gustav Wenzel;gesichert;1;1
H....;H....;nicht identifiziert;1;1
Ignaz Franz Castelli;Dr. Castelli, Vorstand;unsicher;1;1
Ignaz Johann Hanuš;Prof. Hanusch;unsicher;1;1
J. Härdtl;J. Härdtl;nicht identifiziert;1;1
J. P.;J. P.;nicht identifiziert;2;2
Johann Gabriel Seidl;J. G. Seidl.;wahrscheinlich;1;1
Johann Georg Müller;Georg Müller, Architekt;gesichert;1;1
Johann Georg Müller;J. G. Müller;wahrscheinlich;1;1
Johann Hofstetter;Johann Hofstetter;gesichert;1;1
Johannes Nordmann;Johannes Nordmann;gesichert;1;1
Jos. Gottlieb Frank;Jos. Gottlieb Frank.;nicht identifiziert;1;1
Joseph Bermann;Von Benno Phisemar;unsicher;1;1
Joseph Seifert;Joseph Seifert, k. k. Hofthierarzt, Wund- und Geburtsarzt.;gesichert;1;1
Joseph von Hammer-Purgstall;gesprochen von deren Präsidenten Joseph Freiherrn v. Hammer-Purgstall;gesichert;1;2
Joseph von Würth;Dr. Joseph v. Würth;gesichert;2;2
Julius von Zerboni di Sposetti;Julius Zerboni di Sposetti;gesichert;1;1
Karl Eduard Hammerschmidt;Dr. Hammerschmidt m. p., Bezirks-Director des Kreuzer-Vereins;wahrscheinlich;1;1
L. F.;L. F.;nicht identifiziert;1;1
L. Fr.;L. Fr.;nicht identifiziert;1;1
Leopold Fürstedler;L. F–r.;wahrscheinlich;9;9
Leopold Fürstedler;L. F.–r.;wahrscheinlich;1;1
Ludwig Freiherr Forgatsch von Forgatsch;Von Ludwig Freiherrn v. Forgatsch;wahrscheinlich;1;2
Ludwig Koller;Ludwig Koller;gesichert;1;1
M. G–r.;M. G–r.;nicht identifiziert;1;1
Max von Löwenthal;Max Löwenthal;wahrscheinlich;1;1
Moritz Heyssler;L. N.;unsicher;3;3
Moriz von Stubenrauch;Von Dr. Moriz v. Stubenrauch;gesichert;1;3
N. Fürst;N. Fürst;nicht identifiziert;1;1
National-Garde;Ein National-Garde.;nicht identifiziert;1;1
Otto Bernhard Friedmann;X. Y. Z.;unsicher;1;1
Otto Freiherr von Hingenau;Otto Freiherr v. Hingenau;gesichert;1;1
P. M.;P. M.;nicht identifiziert;2;2
Quidam;Quidam;nicht identifiziert;4;4
Rudolf Eitelberger von Edelberg;R. E. v. E.;wahrscheinlich;5;5
Rudolf Eitelberger von Edelberg;R. Eitelberger v. Edelberg;gesichert;2;2
Rudolf Eitelberger von Edelberg;E. v. E.;wahrscheinlich;1;1
Rudolf Eitelberger von Edelberg;Rud. Eitelberger von Edelberg.;gesichert;1;1
Rudolf Eitelberger von Edelberg;Von R. Eitelberger v. Edelberg;gesichert;1;1
Rudolf Eitelberger von Edelberg;von Rudolph Eitelberger v. Edelberg.;gesichert;1;1
Siegfried Reissek;Reissek;wahrscheinlich;2;2
Simon Szánto;S. Sz.;unsicher;1;1
Simon Szánto;S. Sz.–;unsicher;1;1
Wilhelm Emil Wahlberg;Wilhelm Emil Wahlberg;gesichert;1;1
Wilhelm Matzka;Dr. Wilh. Matzka, Prof.;wahrscheinlich;1;1
†††;†††;nicht identifiziert;1;1
