author_normalized;Kunst und Literatur;Wissenschaft und Technik;Gesellschaft und Zeitbetrachtung;Industrie und Wirtschaft;Politik und Recht;unklar;werke_gesamt
Eduard Hanslick;18;0;1;0;1;0;20
Rudolf Eitelberger von Edelberg;8;0;1;0;2;0;11
Leopold Fürstedler;7;1;0;2;0;0;10
Quidam;2;0;0;0;2;0;4
Moritz Heyssler;0;0;1;0;2;0;3
Ferdinand Kürnberger;2;0;0;0;0;0;2
J. P.;0;0;2;0;0;0;2
Johann Georg Müller;1;0;0;0;1;0;2
Joseph von Würth;0;0;0;0;2;0;2
P. M.;0;0;2;0;0;0;2
Siegfried Reissek;0;2;0;0;0;0;2
Simon Szánto;0;0;2;0;0;0;2
Adalbert Stifter;0;0;1;0;0;0;1
Administration der ersten k. k. privil. Donau-Dampfschifffahrts-Gesellschaft;0;0;0;1;0;0;1
Alexander Zawadzki;0;1;0;0;0;0;1
Andreas von Ettingshausen;0;1;0;0;0;0;1
Anton Hye von Gluneck;0;0;0;0;0;1;1
Anton Tomaschek;0;1;0;0;0;0;1
Anton von Spaun;1;0;0;0;0;0;1
Arnold Löwe;0;0;0;0;1;0;1
Augustin Reslhuber;0;1;0;0;0;0;1
Carl Oberleitner;0;0;0;0;1;0;1
Direction der Oedenburg-Wiener-Neustädter Eisenbahn;0;0;0;1;0;0;1
Direction der Ungarischen Central-Eisenbahn;0;0;0;1;0;0;1
Direction der a. p. Kaiser Ferdinands Nordbahn;0;0;0;1;0;0;1
E. Straube;0;0;1;0;0;0;1
E. T.;0;0;0;1;0;0;1
F.;1;0;0;0;0;0;1
Ferdinand von Hebra;0;1;0;0;0;0;1
Gustav Wenzel;0;1;0;0;0;0;1
H....;1;0;0;0;0;0;1
Ignaz Franz Castelli;0;0;1;0;0;0;1
Ignaz Johann Hanuš;0;0;1;0;0;0;1
J. Härdtl;0;0;0;0;1;0;1
Johann Gabriel Seidl;0;0;1;0;0;0;1
Johann Hofstetter;0;1;0;0;0;0;1
Johannes Nordmann;1;0;0;0;0;0;1
Jos. Gottlieb Frank;0;1;0;0;0;0;1
Joseph Bermann;0;0;0;0;1;0;1
Joseph Seifert;0;1;0;0;0;0;1
Joseph von Hammer-Purgstall;0;1;0;0;0;0;1
Julius von Zerboni di Sposetti;0;0;0;0;1;0;1
Karl Eduard Hammerschmidt;0;0;0;1;0;0;1
L. F.;1;0;0;0;0;0;1
L. Fr.;0;0;1;0;0;0;1
Ludwig Freiherr Forgatsch von Forgatsch;0;1;0;0;0;0;1
Ludwig Koller;1;0;0;0;0;0;1
M. G–r.;0;0;1;0;0;0;1
Max von Löwenthal;0;0;1;0;0;0;1
Moriz von Stubenrauch;0;0;0;1;0;0;1
N. Fürst;0;1;0;0;0;0;1
National-Garde;0;0;0;0;1;0;1
Otto Bernhard Friedmann;0;1;0;0;0;0;1
Otto Freiherr von Hingenau;0;0;1;0;0;0;1
Wilhelm Emil Wahlberg;0;1;0;0;0;0;1
Wilhelm Matzka;0;1;0;0;0;0;1
†††;1;0;0;0;0;0;1
