author_normalized;Essay/Abhandlung;Kritik/Rezension;Bericht/Mitteilung/Protokoll;Rede/Vortrag;Literarischer Primärtext;Brief/Korrespondenz;Sonstiges/unklar;werke_gesamt
Eduard Hanslick;3;17;0;0;0;0;0;20
Rudolf Eitelberger von Edelberg;6;4;0;1;0;0;0;11
Leopold Fürstedler;1;9;0;0;0;0;0;10
Quidam;1;3;0;0;0;0;0;4
Moritz Heyssler;3;0;0;0;0;0;0;3
Ferdinand Kürnberger;1;1;0;0;0;0;0;2
J. P.;2;0;0;0;0;0;0;2
Johann Georg Müller;0;1;0;0;1;0;0;2
Joseph von Würth;2;0;0;0;0;0;0;2
P. M.;0;0;0;0;0;2;0;2
Siegfried Reissek;2;0;0;0;0;0;0;2
Simon Szánto;2;0;0;0;0;0;0;2
Adalbert Stifter;1;0;0;0;0;0;0;1
Administration der ersten k. k. privil. Donau-Dampfschifffahrts-Gesellschaft;0;0;1;0;0;0;0;1
Alexander Zawadzki;0;0;1;0;0;0;0;1
Andreas von Ettingshausen;0;0;0;1;0;0;0;1
Anton Hye von Gluneck;1;0;0;0;0;0;0;1
Anton Tomaschek;0;0;1;0;0;0;0;1
Anton von Spaun;0;1;0;0;0;0;0;1
Arnold Löwe;0;0;0;1;0;0;0;1
Augustin Reslhuber;0;0;1;0;0;0;0;1
Carl Oberleitner;1;0;0;0;0;0;0;1
Direction der Oedenburg-Wiener-Neustädter Eisenbahn;0;0;1;0;0;0;0;1
Direction der Ungarischen Central-Eisenbahn;0;0;1;0;0;0;0;1
Direction der a. p. Kaiser Ferdinands Nordbahn;0;0;1;0;0;0;0;1
E. Straube;1;0;0;0;0;0;0;1
E. T.;1;0;0;0;0;0;0;1
F.;0;1;0;0;0;0;0;1
Ferdinand von Hebra;1;0;0;0;0;0;0;1
Gustav Wenzel;0;1;0;0;0;0;0;1
H....;0;1;0;0;0;0;0;1
Ignaz Franz Castelli;0;0;0;0;0;1;0;1
Ignaz Johann Hanuš;1;0;0;0;0;0;0;1
J. Härdtl;0;0;0;0;1;0;0;1
Johann Gabriel Seidl;1;0;0;0;0;0;0;1
Johann Hofstetter;0;1;0;0;0;0;0;1
Johannes Nordmann;1;0;0;0;0;0;0;1
Jos. Gottlieb Frank;1;0;0;0;0;0;0;1
Joseph Bermann;0;0;0;0;1;0;0;1
Joseph Seifert;1;0;0;0;0;0;0;1
Joseph von Hammer-Purgstall;0;0;0;1;0;0;0;1
Julius von Zerboni di Sposetti;1;0;0;0;0;0;0;1
Karl Eduard Hammerschmidt;0;0;1;0;0;0;0;1
L. F.;0;1;0;0;0;0;0;1
L. Fr.;0;1;0;0;0;0;0;1
Ludwig Freiherr Forgatsch von Forgatsch;0;0;0;1;0;0;0;1
Ludwig Koller;0;1;0;0;0;0;0;1
M. G–r.;1;0;0;0;0;0;0;1
Max von Löwenthal;0;0;0;0;1;0;0;1
Moriz von Stubenrauch;0;0;1;0;0;0;0;1
N. Fürst;1;0;0;0;0;0;0;1
National-Garde;1;0;0;0;0;0;0;1
Otto Bernhard Friedmann;1;0;0;0;0;0;0;1
Otto Freiherr von Hingenau;1;0;0;0;0;0;0;1
Wilhelm Emil Wahlberg;1;0;0;0;0;0;0;1
Wilhelm Matzka;1;0;0;0;0;0;0;1
†††;0;1;0;0;0;0;0;1
