primary_topic;author_normalized;werke;werke_gesamt;anteil_an_allen_werken_prozent;werke_im_hauptthema;anteil_am_hauptthema_prozent
Kunst und Literatur;Eduard Hanslick;18;150;12.0;48;37.5
Kunst und Literatur;Rudolf Eitelberger von Edelberg;8;150;5.3;48;16.7
Kunst und Literatur;Leopold Fürstedler;7;150;4.7;48;14.6
Kunst und Literatur;ohne Autor;3;150;2.0;48;6.2
Kunst und Literatur;Ferdinand Kürnberger;2;150;1.3;48;4.2
Kunst und Literatur;Quidam;2;150;1.3;48;4.2
Kunst und Literatur;Anton von Spaun;1;150;0.7;48;2.1
Kunst und Literatur;F.;1;150;0.7;48;2.1
Kunst und Literatur;H....;1;150;0.7;48;2.1
Kunst und Literatur;Johann Georg Müller;1;150;0.7;48;2.1
Kunst und Literatur;Johannes Nordmann;1;150;0.7;48;2.1
Kunst und Literatur;L. F.;1;150;0.7;48;2.1
Kunst und Literatur;Ludwig Koller;1;150;0.7;48;2.1
Kunst und Literatur;†††;1;150;0.7;48;2.1
Wissenschaft und Technik;ohne Autor;25;150;16.7;43;58.1
Wissenschaft und Technik;Siegfried Reissek;2;150;1.3;43;4.7
Wissenschaft und Technik;Alexander Zawadzki;1;150;0.7;43;2.3
Wissenschaft und Technik;Andreas von Ettingshausen;1;150;0.7;43;2.3
Wissenschaft und Technik;Anton Tomaschek;1;150;0.7;43;2.3
Wissenschaft und Technik;Augustin Reslhuber;1;150;0.7;43;2.3
Wissenschaft und Technik;Ferdinand von Hebra;1;150;0.7;43;2.3
Wissenschaft und Technik;Gustav Wenzel;1;150;0.7;43;2.3
Wissenschaft und Technik;Johann Hofstetter;1;150;0.7;43;2.3
Wissenschaft und Technik;Jos. Gottlieb Frank;1;150;0.7;43;2.3
Wissenschaft und Technik;Joseph Seifert;1;150;0.7;43;2.3
Wissenschaft und Technik;Joseph von Hammer-Purgstall;1;150;0.7;43;2.3
Wissenschaft und Technik;Leopold Fürstedler;1;150;0.7;43;2.3
Wissenschaft und Technik;Ludwig Freiherr Forgatsch von Forgatsch;1;150;0.7;43;2.3
Wissenschaft und Technik;N. Fürst;1;150;0.7;43;2.3
Wissenschaft und Technik;Otto Bernhard Friedmann;1;150;0.7;43;2.3
Wissenschaft und Technik;Wilhelm Emil Wahlberg;1;150;0.7;43;2.3
Wissenschaft und Technik;Wilhelm Matzka;1;150;0.7;43;2.3
Gesellschaft und Zeitbetrachtung;ohne Autor;4;150;2.7;22;18.2
Gesellschaft und Zeitbetrachtung;J. P.;2;150;1.3;22;9.1
Gesellschaft und Zeitbetrachtung;P. M.;2;150;1.3;22;9.1
Gesellschaft und Zeitbetrachtung;Simon Szánto;2;150;1.3;22;9.1
Gesellschaft und Zeitbetrachtung;Adalbert Stifter;1;150;0.7;22;4.5
Gesellschaft und Zeitbetrachtung;E. Straube;1;150;0.7;22;4.5
Gesellschaft und Zeitbetrachtung;Eduard Hanslick;1;150;0.7;22;4.5
Gesellschaft und Zeitbetrachtung;Ignaz Franz Castelli;1;150;0.7;22;4.5
Gesellschaft und Zeitbetrachtung;Ignaz Johann Hanuš;1;150;0.7;22;4.5
Gesellschaft und Zeitbetrachtung;Johann Gabriel Seidl;1;150;0.7;22;4.5
Gesellschaft und Zeitbetrachtung;L. Fr.;1;150;0.7;22;4.5
Gesellschaft und Zeitbetrachtung;M. G–r.;1;150;0.7;22;4.5
Gesellschaft und Zeitbetrachtung;Max von Löwenthal;1;150;0.7;22;4.5
Gesellschaft und Zeitbetrachtung;Moritz Heyssler;1;150;0.7;22;4.5
Gesellschaft und Zeitbetrachtung;Otto Freiherr von Hingenau;1;150;0.7;22;4.5
Gesellschaft und Zeitbetrachtung;Rudolf Eitelberger von Edelberg;1;150;0.7;22;4.5
Industrie und Wirtschaft;ohne Autor;8;150;5.3;17;47.1
Industrie und Wirtschaft;Leopold Fürstedler;2;150;1.3;17;11.8
Industrie und Wirtschaft;Administration der ersten k. k. privil. Donau-Dampfschifffahrts-Gesellschaft;1;150;0.7;17;5.9
Industrie und Wirtschaft;Direction der Oedenburg-Wiener-Neustädter Eisenbahn;1;150;0.7;17;5.9
Industrie und Wirtschaft;Direction der Ungarischen Central-Eisenbahn;1;150;0.7;17;5.9
Industrie und Wirtschaft;Direction der a. p. Kaiser Ferdinands Nordbahn;1;150;0.7;17;5.9
Industrie und Wirtschaft;E. T.;1;150;0.7;17;5.9
Industrie und Wirtschaft;Karl Eduard Hammerschmidt;1;150;0.7;17;5.9
Industrie und Wirtschaft;Moriz von Stubenrauch;1;150;0.7;17;5.9
Politik und Recht;Joseph von Würth;2;150;1.3;18;11.1
Politik und Recht;Moritz Heyssler;2;150;1.3;18;11.1
Politik und Recht;Quidam;2;150;1.3;18;11.1
Politik und Recht;Rudolf Eitelberger von Edelberg;2;150;1.3;18;11.1
Politik und Recht;ohne Autor;2;150;1.3;18;11.1
Politik und Recht;Arnold Löwe;1;150;0.7;18;5.6
Politik und Recht;Carl Oberleitner;1;150;0.7;18;5.6
Politik und Recht;Eduard Hanslick;1;150;0.7;18;5.6
Politik und Recht;J. Härdtl;1;150;0.7;18;5.6
Politik und Recht;Johann Georg Müller;1;150;0.7;18;5.6
Politik und Recht;Joseph Bermann;1;150;0.7;18;5.6
Politik und Recht;Julius von Zerboni di Sposetti;1;150;0.7;18;5.6
Politik und Recht;National-Garde;1;150;0.7;18;5.6
unklar;Anton Hye von Gluneck;1;150;0.7;2;50.0
unklar;ohne Autor;1;150;0.7;2;50.0
