text_form;author_normalized;werke;werke_gesamt;anteil_an_allen_werken_prozent;werke_in_textform;anteil_an_textform_prozent
Essay/Abhandlung;Rudolf Eitelberger von Edelberg;6;150;4.0;48;12.5
Essay/Abhandlung;ohne Autor;6;150;4.0;48;12.5
Essay/Abhandlung;Eduard Hanslick;3;150;2.0;48;6.2
Essay/Abhandlung;Moritz Heyssler;3;150;2.0;48;6.2
Essay/Abhandlung;J. P.;2;150;1.3;48;4.2
Essay/Abhandlung;Joseph von Würth;2;150;1.3;48;4.2
Essay/Abhandlung;Siegfried Reissek;2;150;1.3;48;4.2
Essay/Abhandlung;Simon Szánto;2;150;1.3;48;4.2
Essay/Abhandlung;Adalbert Stifter;1;150;0.7;48;2.1
Essay/Abhandlung;Anton Hye von Gluneck;1;150;0.7;48;2.1
Essay/Abhandlung;Carl Oberleitner;1;150;0.7;48;2.1
Essay/Abhandlung;E. Straube;1;150;0.7;48;2.1
Essay/Abhandlung;E. T.;1;150;0.7;48;2.1
Essay/Abhandlung;Ferdinand Kürnberger;1;150;0.7;48;2.1
Essay/Abhandlung;Ferdinand von Hebra;1;150;0.7;48;2.1
Essay/Abhandlung;Ignaz Johann Hanuš;1;150;0.7;48;2.1
Essay/Abhandlung;Johann Gabriel Seidl;1;150;0.7;48;2.1
Essay/Abhandlung;Johannes Nordmann;1;150;0.7;48;2.1
Essay/Abhandlung;Jos. Gottlieb Frank;1;150;0.7;48;2.1
Essay/Abhandlung;Joseph Seifert;1;150;0.7;48;2.1
Essay/Abhandlung;Julius von Zerboni di Sposetti;1;150;0.7;48;2.1
Essay/Abhandlung;Leopold Fürstedler;1;150;0.7;48;2.1
Essay/Abhandlung;M. G–r.;1;150;0.7;48;2.1
Essay/Abhandlung;N. Fürst;1;150;0.7;48;2.1
Essay/Abhandlung;National-Garde;1;150;0.7;48;2.1
Essay/Abhandlung;Otto Bernhard Friedmann;1;150;0.7;48;2.1
Essay/Abhandlung;Otto Freiherr von Hingenau;1;150;0.7;48;2.1
Essay/Abhandlung;Quidam;1;150;0.7;48;2.1
Essay/Abhandlung;Wilhelm Emil Wahlberg;1;150;0.7;48;2.1
Essay/Abhandlung;Wilhelm Matzka;1;150;0.7;48;2.1
Kritik/Rezension;Eduard Hanslick;17;150;11.3;45;37.8
Kritik/Rezension;Leopold Fürstedler;9;150;6.0;45;20.0
Kritik/Rezension;Rudolf Eitelberger von Edelberg;4;150;2.7;45;8.9
Kritik/Rezension;Quidam;3;150;2.0;45;6.7
Kritik/Rezension;Anton von Spaun;1;150;0.7;45;2.2
Kritik/Rezension;F.;1;150;0.7;45;2.2
Kritik/Rezension;Ferdinand Kürnberger;1;150;0.7;45;2.2
Kritik/Rezension;Gustav Wenzel;1;150;0.7;45;2.2
Kritik/Rezension;H....;1;150;0.7;45;2.2
Kritik/Rezension;Johann Georg Müller;1;150;0.7;45;2.2
Kritik/Rezension;Johann Hofstetter;1;150;0.7;45;2.2
Kritik/Rezension;L. F.;1;150;0.7;45;2.2
Kritik/Rezension;L. Fr.;1;150;0.7;45;2.2
Kritik/Rezension;Ludwig Koller;1;150;0.7;45;2.2
Kritik/Rezension;ohne Autor;1;150;0.7;45;2.2
Kritik/Rezension;†††;1;150;0.7;45;2.2
Bericht/Mitteilung/Protokoll;ohne Autor;36;150;24.0;45;80.0
Bericht/Mitteilung/Protokoll;Administration der ersten k. k. privil. Donau-Dampfschifffahrts-Gesellschaft;1;150;0.7;45;2.2
Bericht/Mitteilung/Protokoll;Alexander Zawadzki;1;150;0.7;45;2.2
Bericht/Mitteilung/Protokoll;Anton Tomaschek;1;150;0.7;45;2.2
Bericht/Mitteilung/Protokoll;Augustin Reslhuber;1;150;0.7;45;2.2
Bericht/Mitteilung/Protokoll;Direction der Oedenburg-Wiener-Neustädter Eisenbahn;1;150;0.7;45;2.2
Bericht/Mitteilung/Protokoll;Direction der Ungarischen Central-Eisenbahn;1;150;0.7;45;2.2
Bericht/Mitteilung/Protokoll;Direction der a. p. Kaiser Ferdinands Nordbahn;1;150;0.7;45;2.2
Bericht/Mitteilung/Protokoll;Karl Eduard Hammerschmidt;1;150;0.7;45;2.2
Bericht/Mitteilung/Protokoll;Moriz von Stubenrauch;1;150;0.7;45;2.2
Rede/Vortrag;Andreas von Ettingshausen;1;150;0.7;5;20.0
Rede/Vortrag;Arnold Löwe;1;150;0.7;5;20.0
Rede/Vortrag;Joseph von Hammer-Purgstall;1;150;0.7;5;20.0
Rede/Vortrag;Ludwig Freiherr Forgatsch von Forgatsch;1;150;0.7;5;20.0
Rede/Vortrag;Rudolf Eitelberger von Edelberg;1;150;0.7;5;20.0
Literarischer Primärtext;J. Härdtl;1;150;0.7;4;25.0
Literarischer Primärtext;Johann Georg Müller;1;150;0.7;4;25.0
Literarischer Primärtext;Joseph Bermann;1;150;0.7;4;25.0
Literarischer Primärtext;Max von Löwenthal;1;150;0.7;4;25.0
Brief/Korrespondenz;P. M.;2;150;1.3;3;66.7
Brief/Korrespondenz;Ignaz Franz Castelli;1;150;0.7;3;33.3
