primary_topic;text_form;author_normalized;werke;werke_gesamt;anteil_an_allen_werken_prozent;werke_im_hauptthema;anteil_am_hauptthema_prozent;werke_in_textform;anteil_an_textform_prozent;werke_in_kombination;anteil_an_kombination_prozent
Kunst und Literatur;Essay/Abhandlung;Rudolf Eitelberger von Edelberg;4;150;2.7;48;8.3;48;8.3;9;44.4
Kunst und Literatur;Essay/Abhandlung;ohne Autor;2;150;1.3;48;4.2;48;4.2;9;22.2
Kunst und Literatur;Essay/Abhandlung;Eduard Hanslick;1;150;0.7;48;2.1;48;2.1;9;11.1
Kunst und Literatur;Essay/Abhandlung;Ferdinand Kürnberger;1;150;0.7;48;2.1;48;2.1;9;11.1
Kunst und Literatur;Essay/Abhandlung;Johannes Nordmann;1;150;0.7;48;2.1;48;2.1;9;11.1
Kunst und Literatur;Kritik/Rezension;Eduard Hanslick;17;150;11.3;48;35.4;45;37.8;39;43.6
Kunst und Literatur;Kritik/Rezension;Leopold Fürstedler;7;150;4.7;48;14.6;45;15.6;39;17.9
Kunst und Literatur;Kritik/Rezension;Rudolf Eitelberger von Edelberg;4;150;2.7;48;8.3;45;8.9;39;10.3
Kunst und Literatur;Kritik/Rezension;Quidam;2;150;1.3;48;4.2;45;4.4;39;5.1
Kunst und Literatur;Kritik/Rezension;Anton von Spaun;1;150;0.7;48;2.1;45;2.2;39;2.6
Kunst und Literatur;Kritik/Rezension;F.;1;150;0.7;48;2.1;45;2.2;39;2.6
Kunst und Literatur;Kritik/Rezension;Ferdinand Kürnberger;1;150;0.7;48;2.1;45;2.2;39;2.6
Kunst und Literatur;Kritik/Rezension;H....;1;150;0.7;48;2.1;45;2.2;39;2.6
Kunst und Literatur;Kritik/Rezension;Johann Georg Müller;1;150;0.7;48;2.1;45;2.2;39;2.6
Kunst und Literatur;Kritik/Rezension;L. F.;1;150;0.7;48;2.1;45;2.2;39;2.6
Kunst und Literatur;Kritik/Rezension;Ludwig Koller;1;150;0.7;48;2.1;45;2.2;39;2.6
Kunst und Literatur;Kritik/Rezension;ohne Autor;1;150;0.7;48;2.1;45;2.2;39;2.6
Kunst und Literatur;Kritik/Rezension;†††;1;150;0.7;48;2.1;45;2.2;39;2.6
Wissenschaft und Technik;Essay/Abhandlung;Siegfried Reissek;2;150;1.3;43;4.7;48;4.2;10;20.0
Wissenschaft und Technik;Essay/Abhandlung;Ferdinand von Hebra;1;150;0.7;43;2.3;48;2.1;10;10.0
Wissenschaft und Technik;Essay/Abhandlung;Jos. Gottlieb Frank;1;150;0.7;43;2.3;48;2.1;10;10.0
Wissenschaft und Technik;Essay/Abhandlung;Joseph Seifert;1;150;0.7;43;2.3;48;2.1;10;10.0
Wissenschaft und Technik;Essay/Abhandlung;N. Fürst;1;150;0.7;43;2.3;48;2.1;10;10.0
Wissenschaft und Technik;Essay/Abhandlung;Otto Bernhard Friedmann;1;150;0.7;43;2.3;48;2.1;10;10.0
Wissenschaft und Technik;Essay/Abhandlung;Wilhelm Emil Wahlberg;1;150;0.7;43;2.3;48;2.1;10;10.0
Wissenschaft und Technik;Essay/Abhandlung;Wilhelm Matzka;1;150;0.7;43;2.3;48;2.1;10;10.0
Wissenschaft und Technik;Essay/Abhandlung;ohne Autor;1;150;0.7;43;2.3;48;2.1;10;10.0
Wissenschaft und Technik;Kritik/Rezension;Gustav Wenzel;1;150;0.7;43;2.3;45;2.2;3;33.3
Wissenschaft und Technik;Kritik/Rezension;Johann Hofstetter;1;150;0.7;43;2.3;45;2.2;3;33.3
Wissenschaft und Technik;Kritik/Rezension;Leopold Fürstedler;1;150;0.7;43;2.3;45;2.2;3;33.3
Wissenschaft und Technik;Bericht/Mitteilung/Protokoll;ohne Autor;24;150;16.0;43;55.8;45;53.3;27;88.9
Wissenschaft und Technik;Bericht/Mitteilung/Protokoll;Alexander Zawadzki;1;150;0.7;43;2.3;45;2.2;27;3.7
Wissenschaft und Technik;Bericht/Mitteilung/Protokoll;Anton Tomaschek;1;150;0.7;43;2.3;45;2.2;27;3.7
Wissenschaft und Technik;Bericht/Mitteilung/Protokoll;Augustin Reslhuber;1;150;0.7;43;2.3;45;2.2;27;3.7
Wissenschaft und Technik;Rede/Vortrag;Andreas von Ettingshausen;1;150;0.7;43;2.3;5;20.0;3;33.3
Wissenschaft und Technik;Rede/Vortrag;Joseph von Hammer-Purgstall;1;150;0.7;43;2.3;5;20.0;3;33.3
Wissenschaft und Technik;Rede/Vortrag;Ludwig Freiherr Forgatsch von Forgatsch;1;150;0.7;43;2.3;5;20.0;3;33.3
Gesellschaft und Zeitbetrachtung;Essay/Abhandlung;J. P.;2;150;1.3;22;9.1;48;4.2;15;13.3
Gesellschaft und Zeitbetrachtung;Essay/Abhandlung;Simon Szánto;2;150;1.3;22;9.1;48;4.2;15;13.3
Gesellschaft und Zeitbetrachtung;Essay/Abhandlung;ohne Autor;2;150;1.3;22;9.1;48;4.2;15;13.3
Gesellschaft und Zeitbetrachtung;Essay/Abhandlung;Adalbert Stifter;1;150;0.7;22;4.5;48;2.1;15;6.7
Gesellschaft und Zeitbetrachtung;Essay/Abhandlung;E. Straube;1;150;0.7;22;4.5;48;2.1;15;6.7
Gesellschaft und Zeitbetrachtung;Essay/Abhandlung;Eduard Hanslick;1;150;0.7;22;4.5;48;2.1;15;6.7
Gesellschaft und Zeitbetrachtung;Essay/Abhandlung;Ignaz Johann Hanuš;1;150;0.7;22;4.5;48;2.1;15;6.7
Gesellschaft und Zeitbetrachtung;Essay/Abhandlung;Johann Gabriel Seidl;1;150;0.7;22;4.5;48;2.1;15;6.7
Gesellschaft und Zeitbetrachtung;Essay/Abhandlung;M. G–r.;1;150;0.7;22;4.5;48;2.1;15;6.7
Gesellschaft und Zeitbetrachtung;Essay/Abhandlung;Moritz Heyssler;1;150;0.7;22;4.5;48;2.1;15;6.7
Gesellschaft und Zeitbetrachtung;Essay/Abhandlung;Otto Freiherr von Hingenau;1;150;0.7;22;4.5;48;2.1;15;6.7
Gesellschaft und Zeitbetrachtung;Essay/Abhandlung;Rudolf Eitelberger von Edelberg;1;150;0.7;22;4.5;48;2.1;15;6.7
Gesellschaft und Zeitbetrachtung;Kritik/Rezension;L. Fr.;1;150;0.7;22;4.5;45;2.2;1;100.0
Gesellschaft und Zeitbetrachtung;Bericht/Mitteilung/Protokoll;ohne Autor;2;150;1.3;22;9.1;45;4.4;2;100.0
Gesellschaft und Zeitbetrachtung;Literarischer Primärtext;Max von Löwenthal;1;150;0.7;22;4.5;4;25.0;1;100.0
Gesellschaft und Zeitbetrachtung;Brief/Korrespondenz;P. M.;2;150;1.3;22;9.1;3;66.7;3;66.7
Gesellschaft und Zeitbetrachtung;Brief/Korrespondenz;Ignaz Franz Castelli;1;150;0.7;22;4.5;3;33.3;3;33.3
Industrie und Wirtschaft;Essay/Abhandlung;E. T.;1;150;0.7;17;5.9;48;2.1;3;33.3
Industrie und Wirtschaft;Essay/Abhandlung;Leopold Fürstedler;1;150;0.7;17;5.9;48;2.1;3;33.3
Industrie und Wirtschaft;Essay/Abhandlung;ohne Autor;1;150;0.7;17;5.9;48;2.1;3;33.3
Industrie und Wirtschaft;Kritik/Rezension;Leopold Fürstedler;1;150;0.7;17;5.9;45;2.2;1;100.0
Industrie und Wirtschaft;Bericht/Mitteilung/Protokoll;ohne Autor;7;150;4.7;17;41.2;45;15.6;13;53.8
Industrie und Wirtschaft;Bericht/Mitteilung/Protokoll;Administration der ersten k. k. privil. Donau-Dampfschifffahrts-Gesellschaft;1;150;0.7;17;5.9;45;2.2;13;7.7
Industrie und Wirtschaft;Bericht/Mitteilung/Protokoll;Direction der Oedenburg-Wiener-Neustädter Eisenbahn;1;150;0.7;17;5.9;45;2.2;13;7.7
Industrie und Wirtschaft;Bericht/Mitteilung/Protokoll;Direction der Ungarischen Central-Eisenbahn;1;150;0.7;17;5.9;45;2.2;13;7.7
Industrie und Wirtschaft;Bericht/Mitteilung/Protokoll;Direction der a. p. Kaiser Ferdinands Nordbahn;1;150;0.7;17;5.9;45;2.2;13;7.7
Industrie und Wirtschaft;Bericht/Mitteilung/Protokoll;Karl Eduard Hammerschmidt;1;150;0.7;17;5.9;45;2.2;13;7.7
Industrie und Wirtschaft;Bericht/Mitteilung/Protokoll;Moriz von Stubenrauch;1;150;0.7;17;5.9;45;2.2;13;7.7
Politik und Recht;Essay/Abhandlung;Joseph von Würth;2;150;1.3;18;11.1;48;4.2;10;20.0
Politik und Recht;Essay/Abhandlung;Moritz Heyssler;2;150;1.3;18;11.1;48;4.2;10;20.0
Politik und Recht;Essay/Abhandlung;Carl Oberleitner;1;150;0.7;18;5.6;48;2.1;10;10.0
Politik und Recht;Essay/Abhandlung;Eduard Hanslick;1;150;0.7;18;5.6;48;2.1;10;10.0
Politik und Recht;Essay/Abhandlung;Julius von Zerboni di Sposetti;1;150;0.7;18;5.6;48;2.1;10;10.0
Politik und Recht;Essay/Abhandlung;National-Garde;1;150;0.7;18;5.6;48;2.1;10;10.0
Politik und Recht;Essay/Abhandlung;Quidam;1;150;0.7;18;5.6;48;2.1;10;10.0
Politik und Recht;Essay/Abhandlung;Rudolf Eitelberger von Edelberg;1;150;0.7;18;5.6;48;2.1;10;10.0
Politik und Recht;Kritik/Rezension;Quidam;1;150;0.7;18;5.6;45;2.2;1;100.0
Politik und Recht;Bericht/Mitteilung/Protokoll;ohne Autor;2;150;1.3;18;11.1;45;4.4;2;100.0
Politik und Recht;Rede/Vortrag;Arnold Löwe;1;150;0.7;18;5.6;5;20.0;2;50.0
Politik und Recht;Rede/Vortrag;Rudolf Eitelberger von Edelberg;1;150;0.7;18;5.6;5;20.0;2;50.0
Politik und Recht;Literarischer Primärtext;J. Härdtl;1;150;0.7;18;5.6;4;25.0;3;33.3
Politik und Recht;Literarischer Primärtext;Johann Georg Müller;1;150;0.7;18;5.6;4;25.0;3;33.3
Politik und Recht;Literarischer Primärtext;Joseph Bermann;1;150;0.7;18;5.6;4;25.0;3;33.3
unklar;Essay/Abhandlung;Anton Hye von Gluneck;1;150;0.7;2;50.0;48;2.1;1;100.0
unklar;Bericht/Mitteilung/Protokoll;ohne Autor;1;150;0.7;2;50.0;45;2.2;1;100.0
