date;anno_issue_id;contribution_id;work_id;series_id;series_type;page_start;page_end;title;subtitle;in_parentheses;author_as_printed;author_normalized;author_identity_status;text_form;primary_topic;secondary_topic;central_quotes;coding_grounds;coding_status
1848-01-01;wrz18480101;0101_01;w_0101_01;;keine;1;2;Das Feuilleton.;;;L. N.;Moritz Heyssler;unsicher;Essay/Abhandlung;Gesellschaft und Zeitbetrachtung;Kunst und Literatur;"""[...] dürften wir ein Ideal des Feuilletons aufstellen, so wäre seine Aufgabe, im Gegensatze des schnell ver­flüchtigenden politischen Bestandtheiles der Journale: Alles, was auf die gesellschaftlichen Zustände minder geräuschvoll, aber dauernder, nachhaltiger als die Tagespolitik einwirkt, in das Bereich seiner Erörterung zu ziehen""";"Gesellschaft und Zeitbetrachtung als Hauptthema: Literatur, Presse und Feuilleton dienen vor allem der Diagnose gesellschaftlichen Wandels; Kunst und Literatur als substanzielles Zweitthema.";final
1848-01-02;wrz18480102;0102_01;w_0102_01;;keine;1;1;Schleife und Blume.;Luftspiel in drey Aufzügen, nach Calderon.;Aufgef. im k. k. Hofburgtheater am 30. Decbr. 1847.;L. F–r.;Leopold Fürstedler;wahrscheinlich;Kritik/Rezension;Kunst und Literatur;;"""Kann sich ein Kunstwerk überleben?""";Rezension einer Theater- oder Opernaufführung („Schleife und Blume“).;final
1848-01-02;wrz18480102;0102_02;w_0102_02;;keine;1;2;Ein Wort über Kunstkritik.;;;Von R. Eitelberger v. Edelberg;Rudolf Eitelberger von Edelberg;gesichert;Essay/Abhandlung;Gesellschaft und Zeitbetrachtung;Kunst und Literatur;"""[...] zwischen Irrthum und Wahrheit gibt es kein Juste milieu; sie muß lieber brechen als biegen wollen.""";"Gesellschaft und Zeitbetrachtung als Hauptthema; Kunstkritik ist Ausgangspunkt, wird aber in eine breitere Argumentation über Öffentlichkeit und gesellschaftliche Entwicklung eingebettet.";final
1848-01-03;wrz18480103;0103_01;w_0103_01;;keine;1;2;Die Blutrache. – Der Haiduck.;Sittenschilderung aus Dalmatien.;Aus dem unter der Presse befindlichen Bande von Prof. Francesco Carrara's Werke: La Dalmazia.;J. G. Seidl.;Johann Gabriel Seidl;wahrscheinlich;Essay/Abhandlung;Gesellschaft und Zeitbetrachtung;;;Gesellschaft und Zeitbetrachtung: Die „Sittenschilderung“ beschreibt soziale Verhältnisse, Lebensformen und Gebräuche der dargestellten Bevölkerungsgruppe.;final
1848-01-03;wrz18480103;0103_02;w_0103_02;;keine;2;2;K. K. Staats-Eisenbahnen.;Zusammenstellung über den Personen- und Frachten-Verkehr der k. k. Staats-Eisenbahnen im October 1847.;;;;ohne Autor;Bericht/Mitteilung/Protokoll;Industrie und Wirtschaft;;;Tabelle bzw. Verkehrs-/Einnahmenübersicht zur Eisenbahn.;final
1848-01-04;wrz18480104;0104_01;w_0104_01;;keine;1;1;Geologie. Meteorologie. Physik. Chemie. Paläontologie. Anatomie.;;;;;ohne Autor;Bericht/Mitteilung/Protokoll;Wissenschaft und Technik;;;Meteorologische bzw. naturwissenschaftliche Beobachtung als Hauptgegenstand („Geologie. Meteorologie. Physik. Chemie. Paläontologie. Anatomie“).;final
1848-01-04;wrz18480104;0104_02;w_0104_02;;keine;1;2;Die großen Pariser Soiréen des Herrn Robin.;;;L. F–r.;Leopold Fürstedler;wahrscheinlich;Kritik/Rezension;Kunst und Literatur;;;Wertende Besprechung von Kunstveranstaltungen („Die großen Pariser Soiréen des Herrn Robin“).;final
1848-01-05;wrz18480105;0105_01;w_0105_01;;keine;1;1;Des Oesterreichers richtiger Standpunct.;;;J. P.;J. P.;nicht identifiziert;Essay/Abhandlung;Gesellschaft und Zeitbetrachtung;Politik und Recht;"""Man will alles nach dem Maße des bereits Dagewesenen messen. [...] Das Oesterreichische Kaiserreich hat aber kein Analogon in der Geschichte""";"Zeitbetrachtung und Beobachtung gesellschaftlicher Entwicklungen in Österreich als Hauptthema; politische Ordnung und Ereignisse bilden einen substanziellen zweiten Argumentationsstrang.";final
1848-01-06;wrz18480106;0106_01;w_0106_01;;keine;1;2;Staatsrechtliche Verhältnisse des Herzogthums Parma.;;;L. N.;Moritz Heyssler;unsicher;Essay/Abhandlung;Politik und Recht;;;Politik und Recht als Hauptthema, da ausdrücklich die staatsrechtlichen Verhältnisse des Herzogtums Parma untersucht werden.;final
1848-01-06;wrz18480106;0106_02;w_0106_02;;keine;2;2;Lebensversicherung.;;;;;ohne Autor;Bericht/Mitteilung/Protokoll;Politik und Recht;;;Politik und Recht: Die rechtliche Regelung und institutionelle Ausgestaltung der Lebensversicherung stehen im Zentrum;final
1848-01-06;wrz18480106;0106_03;w_0106_03;;keine;2;2;Ausweis über die Einnahmen der Personen-Frequenz und des Waarentransports auf der k. k. ausschl. privil. Ferdinands Nordbahn.;;;Von der Direction der a. p. Kaiser Ferdinands Nordbahn.;Direction der a. p. Kaiser Ferdinands Nordbahn;wahrscheinlich;Bericht/Mitteilung/Protokoll;Industrie und Wirtschaft;;;Tabelle bzw. Verkehrs-/Einnahmenübersicht zur Eisenbahn.;final
1848-01-06;wrz18480106;0106_04;w_0106_04;;keine;2;2;Ausweis über die Erträgnisse der der Oesterreichischen Donau-Dampfboote vom 26. Februar bis 31. October 1847.;;;Die Administration der ersten k. k. privil. Donau-Dampfschifffahrts-Gesellschaft.;Administration der ersten k. k. privil. Donau-Dampfschifffahrts-Gesellschaft;wahrscheinlich;Bericht/Mitteilung/Protokoll;Industrie und Wirtschaft;;;Tabelle bzw. Ertrags-/Verkehrsübersicht zur Dampfschifffahrt.;final
1848-01-07;wrz18480107;0107_01;w_0107_01;;keine;1;2;Concerte.;1. Concert des Männergesang-Vereines im großen Redoutensaale als Gedächtnisfeier für Mendelsohn-Bartholdy. 2. Quartett-Production der HH. Jansa, Durst, Heißler und Schlesinger am 2. Januar.;;Ed. Hanslick;Eduard Hanslick;gesichert;Kritik/Rezension;Kunst und Literatur;;"""Das ist gute Musik!""";Rezension eines Konzerts („Concerte“).;final
1848-01-07;wrz18480107;0107_02;w_0107_02;;keine;2;2;Die ersten orientalischen Druckwerke der k. k. Hof- und Staatsdruckerei in Wien.;;;;;ohne Autor;Kritik/Rezension;Kunst und Literatur;;"""Ein so competentes Urtheil dürfte den erfreulichen Beweis von den stannenswerthen Fortschritten liefern, welche die mehrerwähnte Anstalt auf das Rühmlichste auszeichnen.""";Kunst und Literatur als Hauptthema: wertende Besprechung orientalischer Druckwerke und ihrer publizistisch-literarischen Qualität.;final
1848-01-07;wrz18480107;0107_03;w_0107_03;;keine;2;2;Ausweis der Personen-Frequenz und Einnahmen auf der Ungarischen Central-Eisenbahn.;Bahnstrecke von Maißen nach Czolnok.;;Von der Direction der Ungarischen Central-Eisenbahn.;Direction der Ungarischen Central-Eisenbahn;wahrscheinlich;Bericht/Mitteilung/Protokoll;Industrie und Wirtschaft;;;Tabelle bzw. Verkehrs-/Einnahmenübersicht zur Eisenbahn.;final
1848-01-08;wrz18480108;0108_01;w_0108_01;;Fortsetzungsbeitrag;1;2;General-Versammlung des Nied. Oesterr. Gewerb-Vereines.;;;;;ohne Autor;Bericht/Mitteilung/Protokoll;Industrie und Wirtschaft;;;Wirtschaftlich-gewerbliche Tätigkeit des Gewerbevereins als Hauptgegenstand.;final
1848-01-08;wrz18480108;0108_02;w_0108_02;;keine;2;2;[Ohne Titel];;;;;ohne Autor;Bericht/Mitteilung/Protokoll;unklar;;;"Unklar: nachrichtenförmiger, tendenziell tagesakuteller Bericht über den Brand des Dampfschiffs „Phönix“; keine der fünf Sachkategorien trägt den Erkenntnisfokus ohne Überdehnung.";final
1848-01-09;wrz18480109;0109_01;w_0108_01;;Fortsetzungsbeitrag;1;2;General-Versammlung des Nied. Oesterr. Gewerb-Vereines.;;Schluß.;;;ohne Autor;Bericht/Mitteilung/Protokoll;Industrie und Wirtschaft;;;Wirtschaftlich-gewerbliche Tätigkeit des Gewerbevereins als Hauptgegenstand.;final
1848-01-09;wrz18480109;0109_02;w_0109_02;;keine;2;2;Ausweis der Personen-Frequenz und des Güter-Transportes sammt Einnahme auf der Oedenburg-Wien-Neustädter Eisenbahn.;;;Von der Direction der Oedenburg-Wiener-Neustädter Eisenbahn;Direction der Oedenburg-Wiener-Neustädter Eisenbahn;wahrscheinlich;Bericht/Mitteilung/Protokoll;Industrie und Wirtschaft;;;Tabelle bzw. Verkehrs-/Einnahmenübersicht zur Eisenbahn.;final
1848-01-10;wrz18480110;0110_01;w_0110_01;;keine;1;2;Landeskunde in Oesterreich.;;;Otto Freiherr v. Hingenau;Otto Freiherr von Hingenau;gesichert;Essay/Abhandlung;Gesellschaft und Zeitbetrachtung;;"""Möge die Einsicht in die Nothwendigkeit der Sache diejenigen Provinz-Museen und Vereine, welche bereits schaffend und wirksam arbeiten, zu andauerndem Eifer anregen, andere aber bewegen, sich aufzurütteln, jungen Kräften ihre Pforten zu öffnen und zu erkennen, daß Arbeit die Seele des Wirkens sei, daß der todte Mammon wohl unterstützen aber nie beleben kann.""";Gesellschaft und Zeitbetrachtung als Hauptthema: Landeskunde dient der Beobachtung gesellschaftlicher Verhältnisse und Lebensformen in Österreich.;final
1848-01-13;wrz18480113;0113_01;w_0113_01;;keine;1;1;Maritana.;"Oper in 2 Acten, nach dem Englischen des E. Fizball; Musik von Mr. Wm. Wallace.";"Zum ersten Mahle aufgeführt im Theater an der Wien, zum Vortheile des Componisten; am 8. d. M.";Ed. Hanslick;Eduard Hanslick;gesichert;Kritik/Rezension;Kunst und Literatur;;"""Einen Standpunct aber, aus welchem diese Musik lobenswerth erscheint, sind wir mit dem besten Willen nicht im Stande, herabzuerklimmen.""";Rezension einer Opernaufführung („Maritana“).;final
1848-01-13;wrz18480113;0113_02;w_0113_02;;keine;1;1;[Ohne Titel];;;E. v. E.;Rudolf Eitelberger von Edelberg;wahrscheinlich;Kritik/Rezension;Kunst und Literatur;;"""Wie führen dieses an, weil ununterrichtete oder übelwollende Leute behaupten wollen, es gebe in Wien keine Gießer, welche ihren Leistungen und ihrer Befährigung nach zu einer Concurrenz mit ausländischen berufen wären. Man zeige uns moderne Büsten, welche besser gegossen wären!""";Kunst und Literatur als Hauptthema: die Qualität Wiener Gießer wird wertend als künstlerische Leistung besprochen.;final
1848-01-13;wrz18480113;0113_03;w_0113_03;;keine;1;1;Ausweis der Personen-Frequenz und des Gütertransportes zwischen Preßburg und Szered, auf der ersten Ungarischen Preßburg-Tyrnauer Eisenbahn im Monath December 1847.;;;;;ohne Autor;Bericht/Mitteilung/Protokoll;Industrie und Wirtschaft;;;Tabelle bzw. Verkehrs-/Einnahmenübersicht zur Eisenbahn.;final
1848-01-15;wrz18480115;0115_01;w_0115_01;;Fortsetzungsbeitrag;1;2;Ein Votum über die Literatur der Dorfgeschichten.;;;;Ferdinand Kürnberger;gesichert;Essay/Abhandlung;Kunst und Literatur;;"""Das Kunstwerk in seinem strengsten unerläßlichsten Sinne muß sich zur Welt verhalten, wie die Kontur zum Körper, der Aufriß zum Gebäude, die Nationalversammlung zur Nation""; ""Nicht am Locale haftet das Beschränkende, das man allerdings richtig genug an den Charakteren der Dorfpoesie empfindet, sondern an den Menschen selbst""";Allgemeine ästhetische Erörterung zu Dorfgeschichten und ihrem Wert („Ein Votum über die Literatur der Dorfgeschichten“).;final
1848-01-16;wrz18480116;0116_01;w_0115_01;;Fortsetzungsbeitrag;1;2;Ein Votum über die Literatur der Dorfgeschichten.;;;Ferd. Kürnberger;Ferdinand Kürnberger;gesichert;Essay/Abhandlung;Kunst und Literatur;;;Allgemeine ästhetische Erörterung zu Dorfgeschichten und ihrem Wert („Ein Votum über die Literatur der Dorfgeschichten“).;final
1848-01-17;wrz18480117;0117_01;w_0117_01;;keine;1;1;Concerte.;1) Akademie zum Besten des Wiener Kreuzer-Vereines. 2) Quartett-Production der Herren Jansa, Durst, Heißler und Schleisinger.;;Renatus;Eduard Hanslick;wahrscheinlich;Kritik/Rezension;Kunst und Literatur;;"""[...] leider krankt das Ganze an jener Langathmigkeit, in welche der geistreiche Mann so oft verfällt, wenn er sentimentale Stoffe poetisch behandelt""";Rezension zu Konzerten („Concerte“).;final
1848-01-17;wrz18480117;0117_02;w_0117_02;;keine;1;1;Marko's Witwe von Sarepta.;;;R. E. v. E.;Rudolf Eitelberger von Edelberg;wahrscheinlich;Kritik/Rezension;Kunst und Literatur;;"""Jede Landschaft soll auf dem tiefen Verständnisse der Natur beruhen.""";Wertende Kunstkritik zum Gemälde „Marko's Witwe von Sarepta“.;final
1848-01-18;wrz18480118;0118_01;w_0118_01;;keine;1;2;Versammlungen der Freunde der Naturwissenschaften.;Geologie. Mineralogie. Meteorologie. Mathematik.;;;;ohne Autor;Bericht/Mitteilung/Protokoll;Wissenschaft und Technik;;;Wissenschaft und Technik als Hauptthema, da die Versammlung naturwissenschaftliche Gegenstände wie Geologie, Mineralogie, Meteorologie und Mathematik behandelt.;final
1848-01-19;wrz18480119;0119_01;w_0119_01;;keine;1;1;Die erste Wiener Dampfbäckerei.;;;L. F–r.;Leopold Fürstedler;wahrscheinlich;Essay/Abhandlung;Industrie und Wirtschaft;;"""Die Brotbereitung ist somit ein Gegenstand von hoher Wichtigkeit, und jeder Versuch in diesem Fache hat Anspruch auf die lebhafteste öffentliche Theilnahme.""";Industrie und Wirtschaft als Hauptthema: die Wiener Dampfbäckerei wird als gewerblich-technische Form der industrialisierten Brotproduktion behandelt.;final
1848-01-20;wrz18480120;0120_01;w_0120_01;;keine;1;1;Bericht über das Ergebnis der am 6. Januar 1848 zum Besten des Wiener Kreuzer-Vereines im k. k. großen Redouten-Saale veranstalteten Wohlthätigkeits-Akademie.;;;Dr. Hammerschmidt m. p., Bezirks-Director des Kreuzer-Vereins;Karl Eduard Hammerschmidt;wahrscheinlich;Bericht/Mitteilung/Protokoll;Industrie und Wirtschaft;Gesellschaft und Zeitbetrachtung;;Industrie und Wirtschaft als Hauptthema wegen Ergebnis, Einnahmen und finanzieller Abrechnung der Wohltätigkeitsveranstaltung, deren soziale Funktion bildet das Zweitthema.;final
1848-01-20;wrz18480120;0120_02;w_0120_02;;keine;1;1;Concert.;;;Renatus;Eduard Hanslick;wahrscheinlich;Kritik/Rezension;Kunst und Literatur;;;Rezension eines Konzerts („Concert“).;final
1848-01-21;wrz18480121;0121_01;w_0121_01;;keine;1;1;Schreiben Sr. Hoheit des Prinzen Eduard von Sachsen-Altenburg, Herzogs zu Sachsen, Vorstandes des Münchner Thierschutzvereines, an die Vorstände des Ni. Oe. Vereines gegen Mißhandlung der Thiere.;;;Dr. Castelli, Vorstand;Ignaz Franz Castelli;unsicher;Brief/Korrespondenz;Gesellschaft und Zeitbetrachtung;;"""[...] Versicherung, daß ich bis an's Ende meines Lebens fest und beharrlich den Grundsätzen, die Ihr und unser Verein dahier in München und alle, den unsrigen verwandte Vereine Europa, oder wo immer, vertheidigen und die, im echt christlichen Sinne Mitleid zur Basis der Erziehung zu machen und hierdurch zum wahren Wohle der Menschheit zu wirken [...]""";"Gesellschaft und Zeitbetrachtung: Tierschutz und gesellschaftliche Verantwortung stehen im Zentrum; die Rolle des Prinzen bleibt institutioneller Kontext.";final
1848-01-21;wrz18480121;0121_02;w_0121_02;;keine;1;2;Die Anwendung des Chloroforms (Formychlorid) bei chirurgischen Operationen an Pferden und bei Versuchen an andern Thieren.;;;Joseph Seifert, k. k. Hofthierarzt, Wund- und Geburtsarzt.;Joseph Seifert;gesichert;Essay/Abhandlung;Wissenschaft und Technik;;;Wissenschaft und Technik als Hauptthema: medizinisch-veterinärmedizinische Erklärung der Anwendung von Chloroform bei Operationen von Pferden und Tierversuchen.;final
1848-01-22;wrz18480122;0122_01;w_0122_01;;Fortsetzungsbeitrag;1;2;Werke zur vergleichenden Erdkunde.;;;Wilhelm Emil Wahlberg;Wilhelm Emil Wahlberg;gesichert;Essay/Abhandlung;Wissenschaft und Technik;Gesellschaft und Zeitbetrachtung;;"Wissenschaft und Technik als Hauptthema: vergleichende Erdkunde wird als wissenschaftliches Wissensfeld behandelt; gesellschaftliche Bezüge sind als Zweitthema erfasst.";final
1848-01-23;wrz18480123;0123_01;w_0122_01;;Fortsetzungsbeitrag;1;2;Werke zur vergleichenden Erdkunde.;;;;Wilhelm Emil Wahlberg;gesichert;Essay/Abhandlung;Wissenschaft und Technik;Gesellschaft und Zeitbetrachtung;;"Wissenschaft und Technik als Hauptthema: vergleichende Erdkunde wird als wissenschaftliches Wissensfeld behandelt; gesellschaftliche Bezüge sind als Zweitthema erfasst.";final
1848-01-24;wrz18480124;0124_01;w_0124_01;;keine;1;1;"P. Gleditsch, Kupferstich nach dem Oehl-Gemählde: ""die h. Katharina von Carlo Dolce.""";;;R. E. v. E.;Rudolf Eitelberger von Edelberg;wahrscheinlich;Kritik/Rezension;Kunst und Literatur;;;Kunst und Literatur als Hauptthema: wertende Besprechung eines Kupferstichs nach Carlo Dolces Gemälde.;final
1848-01-24;wrz18480124;0124_02;w_0122_01;;Fortsetzungsbeitrag;1;2;Werke zur vergleichenden Erdkunde.;;;;Wilhelm Emil Wahlberg;gesichert;Essay/Abhandlung;Wissenschaft und Technik;Gesellschaft und Zeitbetrachtung;;"Wissenschaft und Technik als Hauptthema: vergleichende Erdkunde wird als wissenschaftliches Wissensfeld behandelt; gesellschaftliche Bezüge sind als Zweitthema erfasst.";final
1848-01-25;wrz18480125;0125_01;w_0125_01;;keine;1;2;Nekrolog.;Joseph Ritter von Winiwarter.;;Anton Hye;Anton Hye von Gluneck;wahrscheinlich;Essay/Abhandlung;unklar;;;"Unklar: Zusammenhängende Betrachtung von Leben Winiwarters und Würdigung seines wissenschaftlichen, staatlichen, sozialen und privaten Wirkens; kein einzelnes Themenfeld dominiert ohne Überdehnung.";final
1848-01-26;wrz18480126;0126_01;w_0126_01;;keine;1;2;Dr. Jäger's patentirte Verbesserung von Feuerwaffen und Patronen.;;;X. Y. Z.;Otto Bernhard Friedmann;unsicher;Essay/Abhandlung;Wissenschaft und Technik;;;Wissenschaft und Technik als Hauptthema: Entdeckungen zur technischen Verbesserung von Feuerwaffen und Patronen steht im Zentrum.;final
1848-01-27;wrz18480127;0127_01;w_0127_01;;keine;1;1;Werke der höhern Baukunst, für die Ausführung entworfen und dargestellt von L. Lange.;;;Georg Müller, Architekt;Johann Georg Müller;gesichert;Kritik/Rezension;Kunst und Literatur;;;"Kritik des Werks „Werke der höhern Baukunst""  von einem L. Lange durch Georg Müller.";final
1848-01-28;wrz18480128;0128_01;w_0128_01;;keine;1;1;Wöchentliche Besprechungen im Nied. Oesterr. Gewerb-Verein.;;;;;ohne Autor;Bericht/Mitteilung/Protokoll;Wissenschaft und Technik;Industrie und Wirtschaft;;"Wissenschaft und Technik als Hauptthema, weil in dieser Sitzung die Wissenschaft der Statistik bzw. technische Sachfrage im Zentrum steht; wirtschaftliche Tätigkeit des Gewerbeverein begründet ""Industrie und Wirtschaft"" als Zweitthema.";final
1848-01-29;wrz18480129;0129_01;w_0129_01;;keine;1;1;Musik.;"Servais; ""Orthello"" von Rossini; ""Nabukodonosor"" von Verdi.";;Renatus;Eduard Hanslick;wahrscheinlich;Kritik/Rezension;Kunst und Literatur;;;Rezension mehrerer musikalischer Ereignisse („Musik“).;final
1848-01-29;wrz18480129;0129_02;w_0129_02;;keine;1;1;Dorf und Stadt.;Von Charlotte Birch-Pfeiffer.;;†††;†††;nicht identifiziert;Kritik/Rezension;Kunst und Literatur;;"Fußnote der Redaktion: ""Wir theilen nachstehende zwei Noten ziemlich entgegengesetzten Inhalts über das Birch-Pfeiffer'sche Drama mit, welche bei dem fortdauernden, ja durch die neue literarische Fehde zwischen Auerbach und der Bearbeiterin nur noch gesteigerten Interesse an dieser Bühnen-Erscheinung unseren Lesern nicht unwillkommen sein dürften. Das erste Votum hat die Stimme des großen Publicums für sich und durfte sich daher, an die Thatsache anknüpfend, kurz fassen. Das zweite: gegen den Strom schwimmend mußte wohl weiter ausholen, energischer arbeiten. Jedenfalls verboth uns die redacteurliche Unparteilichkeit nur der einen oder anderen Meinungs-Außerung ausschließlich in diesen Spalten Raum zu geben""";Rezension des Dramas „Dorf und Stadt“ von Charlotte Birch-Pfeiffer.;final
1848-01-29;wrz18480129;0129_03;w_0129_03;;Fortsetzungsbeitrag;1;2;"""Die Frau Professorin"" von Auerbach und ""Dorf und Stadt"" von Charlotte Birch-Pfeiffer.";;Eine Parallele.;;Ferdinand Kürnberger;gesichert;Kritik/Rezension;Kunst und Literatur;;;Rezension des Dramas „Dorf und Stadt“ von Charlotte Birch-Pfeiffer, verknüpft mit Betrachtung der Erzählung „Die Frau Professorin“ von Berthold Auerbach.;final
1848-01-30;wrz18480130;0130_01;w_0129_03;;Fortsetzungsbeitrag;1;2;"""Die Frau Professorin"" von Auerbach und ""Dorf und Stadt"" von Charlotte Birch-Pfeiffer.";;;Ferdinand Kürnberger;Ferdinand Kürnberger;gesichert;Kritik/Rezension;Kunst und Literatur;;;Rezension des Dramas „Dorf und Stadt“ von Charlotte Birch-Pfeiffer, verknüpft mit Betrachtung der Erzählung „Die Frau Professorin“ von Berthold Auerbach.;final
1848-01-31;wrz18480131;0131_01;w_0131_01;s_preussen_strafgesetz;Artikelreihe;1;2;Der Preußische Strafgesetz-Entwurf von 1847.;I. Artikel.;;Dr. Joseph v. Würth;Joseph von Würth;gesichert;Essay/Abhandlung;Politik und Recht;;;"Politik und Recht: Der preußische Strafgesetz-Entwurf und seine rechtliche Ausgestaltung stehen im Zentrum. Moralische Erwägungen bleiben der Rechtsanalyse untergeordnet und sind nicht substanziell genug um Zweitthema ""Gesellschaft und Zeitbetrachtung"" zu rechtfertigen.";final
1848-02-01;wrz18480201;0201_01;w_0201_01;;keine;1;2;Untersuchungen über die Kometen.;;;N. Fürst;N. Fürst;nicht identifiziert;Essay/Abhandlung;Wissenschaft und Technik;;;Astronomische Untersuchung der Kometen als Hauptgegenstand.;final
1848-02-02;wrz18480202;0202_01;w_0202_01;;keine;1;1;Die Theorie der imaginären Größen betreffend.;;;Dr. Wilh. Matzka, Prof.;Wilhelm Matzka;wahrscheinlich;Essay/Abhandlung;Wissenschaft und Technik;;;Mathematische Erklärung der Theorie imaginärer Größen.;final
1848-02-02;wrz18480202;0202_02;w_0202_02;;keine;1;1;Verhandlungen der Freunde der Naturwissenschaften.;Chemie. Anatomie. Zoologie. Geologie.;;;;ohne Autor;Bericht/Mitteilung/Protokoll;Wissenschaft und Technik;;;Naturwissenschaften bzw. wissenschaftliche Tätigkeit des Vereins als Hauptgegenstand.;final
1848-02-03;wrz18480203;0203_01;w_0203_01;;keine;1;1;Der Wiener allgemeine Hilfs-Verein.;;;St.;Adalbert Stifter;unsicher;Essay/Abhandlung;Gesellschaft und Zeitbetrachtung;Industrie und Wirtschaft;;"Gesellschaft und Zeitbetrachtung als Hauptthema: Hilfswesen und soziale Unterstützung stehen im Zentrum; Finanzierung und wirtschaftliche Organisation bilden das Zweitthema.";final
1848-02-04;wrz18480204;0204_01;w_0204_01;;Fortsetzungsbeitrag;1;2;Rede zur feierlichen Eröffnung der kais. Akademie der Wissenschaften am 2. Februar 1848 gesprochen durch deren Präsidenten Joseph Freiherrn v. Hammer-Purgstall.;;;gesprochen von deren Präsidenten Joseph Freiherrn v. Hammer-Purgstall;Joseph von Hammer-Purgstall;gesichert;Rede/Vortrag;Wissenschaft und Technik;Gesellschaft und Zeitbetrachtung;;"Wissenschaft und Technik als Hauptthema; Gesellschaft und Zeitbetrachtung als Zweitthema, da Aufgaben und Organisation der Akademie mit kulturellem Fortschritt, Bildung und gesellschaftlicher Wirkung verknüpft werden.";final
1848-02-05;wrz18480205;0205_01;w_0204_01;;Fortsetzungsbeitrag;1;2;Rede zur feierlichen Eröffnung der kais. Akademie der Wissenschaften am 2. Februar 1848 gesprochen durch deren Präsidenten Joseph Freiherrn v. Hammer-Purgstall.;;Schluß.;gesprochen von deren Präsidenten Joseph Freiherrn v. Hammer-Purgstall;Joseph von Hammer-Purgstall;gesichert;Rede/Vortrag;Wissenschaft und Technik;Gesellschaft und Zeitbetrachtung;;"Wissenschaft und Technik als Hauptthema; Gesellschaft und Zeitbetrachtung als Zweitthema, da Aufgaben und Organisation der Akademie mit kulturellem Fortschritt, Bildung und gesellschaftlicher Wirkung verknüpft werden.";final
1848-02-06;wrz18480206;0206_01;w_0206_01;;keine;1;1;Monaths-Versammlung des Nied.-Oesterr. Gewerb-Vereines.;;;;;ohne Autor;Bericht/Mitteilung/Protokoll;Industrie und Wirtschaft;;;Wirtschaftlich-gewerbliche Tätigkeit des Gewerbevereins als Hauptgegenstand.;final
1848-02-07;wrz18480207;0207_01;w_0207_01;;keine;1;2;Alm und Either.;Der Ober-Oesterreichischen Lieder zweiter Band von C. A. Kaltenbrunner. Wien im Verlage der Carl Haas'schen Buchhandlung. 1848. S. 248.;;A. Ritter v. Spaun;Anton von Spaun;wahrscheinlich;Kritik/Rezension;Kunst und Literatur;;"""So empfehlen wir denn 'Alm und Either' allen Ständen, allen Classen, Hohen und Niederen, Gebildeten und Ungebildeten, Jeder wird darin finden, was ihm wohlthut, was ihm nützt und das Herz erfreut""";Kritik der Veröffentlichung „Alm und Either“. ;final
1848-02-08;wrz18480208;0208_01;w_0208_01;;Fortsetzungsbeitrag;1;1;Vortrag des General-Secretärs der kaiserlichen Akademie der Wissenschaften, Andreas von Ettingshausen in der feierlichen Eröffnungssitzung am 2. Februar 1848.;;;Andreas von Ettingshausen;Andreas von Ettingshausen;gesichert;Rede/Vortrag;Wissenschaft und Technik;;;Wissenschaft und Technik als Hauptthema: Vortrag zur Aufgabe und Tätigkeit der kaiserlichen Akademie der Wissenschaften.;final
1848-02-09;wrz18480209;0209_01;w_0208_01;;Fortsetzungsbeitrag;1;2;Vortrag des General-Secretärs der kaiserlichen Akademie der Wissenschaften, Andreas von Ettingshausen in der feierlichen Eröffnungssitzung am 2. Februar 1848.;;;Andreas von Ettingshausen;Andreas von Ettingshausen;gesichert;Rede/Vortrag;Wissenschaft und Technik;;;Wissenschaft und Technik als Hauptthema: Vortrag zur Aufgabe und Tätigkeit der kaiserlichen Akademie der Wissenschaften.;final
1848-02-09;wrz18480209;0209_02;w_0209_02;;keine;2;2;Ueber die Einwirkung des Ozon's auf Goldchlorid.;;;Anton Tomaschek;Anton Tomaschek;gesichert;Bericht/Mitteilung/Protokoll;Wissenschaft und Technik;;;Bericht über wissenschaftliche Beobachtung bezüglich der Einwirkung von Ozon auf Goldchlorid.;final
1848-02-10;wrz18480210;0210_01;w_0210_01;;keine;1;1;Oeffentliche Preisausstellung an der k. Akademie der bildenden Künste in Wien.;;;R. Eitelberger v. Edelberg;Rudolf Eitelberger von Edelberg;gesichert;Kritik/Rezension;Kunst und Literatur;;;Wertende Kritik der öffentlichen Preisausstellung der Akademie der bildenden Künste in Wien.;final
1848-02-10;wrz18480210;0210_02;w_0210_02;;keine;1;1;Musik.;Zweite Production des Männer-Gesangvereins am 6. Februar.;;Renatus;Eduard Hanslick;wahrscheinlich;Kritik/Rezension;Kunst und Literatur;;;Rezension eines Konzerts oder musikalischen Ereignisses („Zweite Production des Männer-Gesangvereins“).;final
1848-02-11;wrz18480211;0211_01;w_0211_01;;keine;1;2;M. G. Saphir's musikalisch-declamatorische Akademie und humoristische Vorlesung am 6. Februar 1848 Mittags im Kärntnerthortheater.;;;H....;H....;nicht identifiziert;Kritik/Rezension;Kunst und Literatur;;"""Aber wohin soll solch' stete Steigerung des Pathos am Ende führen? Zum Schönen nimmermehr""";Rezension einer musikalisch-humoristischen Aufführung („M. G. Saphir's musikalisch-declamatorische Akademie und humoristische Vorlesung am 6. Februar 1848 Mittags im Kärntnerthortheater“).;final
1848-02-11;wrz18480211;0211_02;w_0211_02;;keine;2;2;B. Bosco's Vorstellungen aus dem Gebiethe der Egyptischen Magie.;;;L. F–r.;Leopold Fürstedler;wahrscheinlich;Kritik/Rezension;Kunst und Literatur;;;"Rezension einer Vorführung („B. Bosco's Vorstellungen aus dem Gebiethe der Egyptischen Magie“); ""Zauberkunst"" als Kunstform";final
1848-02-13;wrz18480213;0213_01;w_0213_01;;keine;1;1;Classen-Sitzungen der kaiserl. Akademie der Wissenschaften.;;;;;ohne Autor;Bericht/Mitteilung/Protokoll;Wissenschaft und Technik;;;Wissenschaftliche Tätigkeit der Akademie als Hauptgegenstand.;final
1848-02-13;wrz18480213;0213_02;w_0213_02;;keine;1;1;General-Versammlung des Ni. Oesterr. Vereins gegen Mißhandlung der Thiere.;;;;;ohne Autor;Bericht/Mitteilung/Protokoll;Gesellschaft und Zeitbetrachtung;;;Gesellschaft und Zeitbetrachtung als Hauptthema: Tätigkeit und gesellschaftliche Funktion des Tierschutzvereins stehen im Zentrum.;final
1848-02-15;wrz18480215;0215_01;w_0215_01;s_preussen_strafgesetz;Artikelreihe;1;1;Der Preußische Strafgesetz-Entwurf von 1847.;II. Artikel;;;Joseph von Würth;gesichert;Essay/Abhandlung;Politik und Recht;;"""die Frage aber, ob sie gerecht und einer humanen Regierung würdig sei, ist darin ganz unbeantwortet gelassen.""";Strafgesetzgebung und rechtliche Ordnung als Hauptgegenstand.;final
1848-02-16;wrz18480216;0216_01;w_0215_01;s_preussen_strafgesetz;Artikelreihe;1;2;Der Preußische Strafgesetz-Entwurf von 1847.;;Schluß.;Dr. Joseph v. Würth;Joseph von Würth;gesichert;Essay/Abhandlung;Politik und Recht;;"""Wir müssen uns auf diese wenigern Andeutungen beschränken, glauben jedoch dadurch genügend dargethan zu haben, daß dieser Gesetz-Entwurf eine Arbeit ist, welche die größte Aufmerksamkeit aller Freunde des legislativen Fortschrittes verdient.""";Strafgesetzgebung und rechtliche Ordnung als Hauptgegenstand.;final
1848-02-17;wrz18480217;0217_01;w_0217_01;;Fortsetzungsbeitrag;1;2;Preisaufgaben der kaiserl. Akademie der Wissenschaften.;;Veröffentlicht in deren feierlichen Eröffnungs-Sitzung am 2. Februar 1848.;;;ohne Autor;Essay/Abhandlung;Wissenschaft und Technik;;;Naturwissenschaften bzw. wissenschaftliche Tätigkeit der Akademie als Hauptgegenstand.;final
1848-02-18;wrz18480218;0218_01;w_0217_01;;Fortsetzungsbeitrag;1;2;Preisaufgaben der kaiserl. Akademie der Wissenschaften.;;Schluß.;;;ohne Autor;Essay/Abhandlung;Wissenschaft und Technik;;;Naturwissenschaften bzw. wissenschaftliche Tätigkeit der Akademie als Hauptgegenstand.;final
1848-02-18;wrz18480218;0218_02;w_0218_02;;keine;2;2;[Ohne Titel];;;;;ohne Autor;Bericht/Mitteilung/Protokoll;Politik und Recht;;"""Zur Verständigung der Preiswerber folgen hier die auf die Preisschriften sich beziehenden Paragraphe der Geschäftsordnung der kaiserlichen Akademie der Wissenschaften.""";Politik und Recht: Geschäftsordnungsbestimmungen regeln Einreichung, Preisvergabe, Eigentumsrechte und Teilnahme am wissenschaftlichen Preiswettbewerb;final
1848-02-19;wrz18480219;0219_01;w_0219_01;s_dramaturgische_blaetter;Artikelreihe;1;2;Dramaturgische Blätter.;I. Das kritisierende Publicum in den Theatern.;;Johannes Nordmann;Johannes Nordmann;gesichert;Essay/Abhandlung;Kunst und Literatur;Gesellschaft und Zeitbetrachtung;;"Kunst und Literatur als Hauptthema: Theaterkritik und das „kritisierende Publicum“ werden behandelt; Ausführliche Betrachtung der Gesellschaft und des Verhaltens bzw. der Rolle des Publikums begründen die gesellschaftliche Zweitdimension.";final
1848-02-19;wrz18480219;0219_02;w_0219_02;;keine;2;2;Uebersicht der meteorologischen Beobachtungen an der k. k. Sternwarte zu Wien im Jahre 1847, 16'9 Wr. Klafter über dem mittleren Spiegel der Donau oder 98'0 Wr. Klafter über dem Adriatischen Meere.;;;;;ohne Autor;Bericht/Mitteilung/Protokoll;Wissenschaft und Technik;;;Meteorologische bzw. naturwissenschaftliche Beobachtung als Hauptgegenstand.;final
1848-02-21;wrz18480221;0221_01;w_0221_01;;keine;1;2;Der Verein der Candidaten der medicinisch-chirurgischen Studien an der Wiener Hochschule zur Unterstützung hilfsbedürftiger Collegen.;;;M. G–r.;M. G–r.;nicht identifiziert;Essay/Abhandlung;Gesellschaft und Zeitbetrachtung;;"""Unser Jahrhundert ist die Zeit der Vereine; an jedem größeren Orte tauchen Vereine aller Arten und Rahmen auf, und verfolgen ihre wichtigen oder unwichtigen Zwecke. Besonders reich aber ist unsere Zeit an Wohlthätigkeits-Vereinen, die es sich zum Ziele setzen, dem leidenden Mitmenschen sein unglückliches Los zu erleichtern. Man hat eingesehen, daß es keineswegs in der Macht der Staatsverwaltung liege, dem weitverbreiteten Uebel der Armuth, der Hilflosigkeit so abzuhelfen, wie sie und die Menschheit es wünschte; man hat erkannt, daß jeder Einzelne, so weit es in seiner Macht steht [...] mithelfen müsse, das trarige Los so vieler Familien und Personen zu lindern, welchen das launenhafte Glück nicht lächelt""";Gesellschaft und Zeitbetrachtung als Hauptthema: studentische Selbsthilfe und Unterstützung hilfsbedürftiger Medizinstudierender stehen als soziale Institution im Zentrum.;final
1848-02-21;wrz18480221;0221_02;w_0221_02;;keine;2;2;Musik.;Concert des Herrn A. E. Pratté, Harfen-Virtuosen aus Stockholm.;;;Eduard Hanslick;unsicher;Kritik/Rezension;Kunst und Literatur;;;Rezension eines Konzerts. Im Druckbild erscheint es naheliegend, dass sich die Autorenangabe des nachstehenden Segments auch auf dieses bezieht, deshalb unsichere Zuordnung zu Hanslick.;final
1848-02-21;wrz18480221;0221_03;w_0221_03;;keine;2;2;[Ohne Titel];;;Renatus;Eduard Hanslick;wahrscheinlich;Kritik/Rezension;Kunst und Literatur;;"""Henry Litolff gab am 17. d. M. sein erstes Concert mit dem glänzendsten Erfolge. Wir vorbehalten uns eine nähere Würdigung dieses geistvollen Künstlers, bis wir ihn ein zweites Mahl gehört"" (Gesamter Inhalt des Artikels)";Kunst und Literatur als Hauptthema: kurze wertende Mitteilung zu einem Konzert Henri Litolffs.;final
1848-02-22;wrz18480222;0222_01;w_0222_01;;keine;1;1;Classen-Sitzungen der kaiserl. Akademie der Wissenschaften.;;;;;ohne Autor;Bericht/Mitteilung/Protokoll;Wissenschaft und Technik;;;Naturwissenschaften bzw. wissenschaftliche Tätigkeit der Akademie als Hauptgegenstand.;final
1848-02-22;wrz18480222;0222_02;w_0222_02;;keine;1;1;Ueber die Ursache des Eisfalles und Glatteises am 6. Februar.;;;Reissek;Siegfried Reissek;wahrscheinlich;Essay/Abhandlung;Wissenschaft und Technik;;;Naturwissenschaftliche Beobachtung als Hauptgegenstand („Ueber die Ursache des Eisfalles und Glatteises am 6. Februar“).;final
1848-02-22;wrz18480222;0222_03;w_0222_03;;keine;2;2;Resultate der im Jahre 1847 auf der Sternwarte zu Kremsmünster angestellten meteorologischen Beobachtungen.;;;Aug. Reslhuber, Dir. der Sternwarte;Augustin Reslhuber;wahrscheinlich;Bericht/Mitteilung/Protokoll;Wissenschaft und Technik;;;Meteorologische Beobachtung als Hauptgegenstand („Resultate der im Jahre 1847 auf der Sternwarte zu Kremsmünster angestellten meteorologischen Beobachtungen“).;final
1848-02-23;wrz18480223;0223_01;w_0223_01;;keine;1;2;Versammlungen der Freunde der Naturwissenschaften.;Geologie. Mineralogie.;;;;ohne Autor;Bericht/Mitteilung/Protokoll;Wissenschaft und Technik;;;Naturwissenschaften bzw. wissenschaftliche Tätigkeit des Vereins als Hauptgegenstand.;final
1848-02-23;wrz18480223;0223_02;w_0223_02;;keine;2;2;Englische Gerste.;;;;;ohne Autor;Essay/Abhandlung;Industrie und Wirtschaft;Wissenschaft und Technik;;"Industrie und Wirtschaft als Hauptthema: Gerste wird aus landwirtschaftlich-gewerblicher Nutzungsperspektive behandelt; naturwissenschaftlich-technische Eigenschaften bilden das Zweitthema.";final
1848-02-24;wrz18480224;0224_01;w_0224_01;;keine;1;1;Über den meteorischen Staubfall vom 31. Januar in Wien und dessen Umgebung.;;;Reissek;Siegfried Reissek;wahrscheinlich;Essay/Abhandlung;Wissenschaft und Technik;;;Meteorologische Beobachtung als Hauptgegenstand („Über den meteorischen Staubfall vom 31. Januar in Wien und dessen Umgebung“).;final
1848-02-25;wrz18480225;0225_01;w_0225_01;;Fortsetzungsbeitrag;1;2;Culturhistorische Rückblicke.;;;;Ignaz Johann Hanuš;unsicher;Essay/Abhandlung;Gesellschaft und Zeitbetrachtung;;"""Unsere Zeit ist in einer vielfachen Hinsicht das Erbe uralter Vergangenheit. Sie und in ihr sich zu erkennen kann nur dann gelingen, wenn die Einblicke in die Vergangenheit der leitende Führer ist.""";Gesellschaft und Zeitbetrachtung als Hauptthema: kulturhistorische Rückblicke dienen der Deutung längerfristiger gesellschaftlicher Entwicklungen.;final
1848-02-26;wrz18480226;0226_01;w_0225_01;;Fortsetzungsbeitrag;1;2;Culturhistorische Rückblicke.;;Fortsetzung.;;Ignaz Johann Hanuš;unsicher;Essay/Abhandlung;Gesellschaft und Zeitbetrachtung;;;Gesellschaft und Zeitbetrachtung als Hauptthema: kulturhistorische Rückblicke dienen der Deutung längerfristiger gesellschaftlicher Entwicklungen.;final
1848-02-27;wrz18480227;0227_01;w_0225_01;;Fortsetzungsbeitrag;1;1;Culturhistorische Rückblicke.;;Schluß des ersten Artikels.;Prof. Hanusch;Ignaz Johann Hanuš;unsicher;Essay/Abhandlung;Gesellschaft und Zeitbetrachtung;;;Gesellschaft und Zeitbetrachtung als Hauptthema: kulturhistorische Rückblicke dienen der Deutung längerfristiger gesellschaftlicher Entwicklungen.;final
1848-02-28;wrz18480228;0228_01;w_0228_01;;keine;1;1;Classen-Sitzungen der kaiserl. Akademie der Wissenschaften.;;;;;ohne Autor;Bericht/Mitteilung/Protokoll;Wissenschaft und Technik;;;Naturwissenschaften bzw. wissenschaftliche Tätigkeit der Akademie als Hauptgegenstand.;final
1848-02-28;wrz18480228;0228_02;w_0228_02;;keine;1;1;Musik.;Akademie zum Andenken des Componisten C. F. Füchs.;;Renatus;Eduard Hanslick;wahrscheinlich;Kritik/Rezension;Kunst und Literatur;;"""Es war ein liebenswürdiger Fehler der Kritik, aus Füchs' Compositionen etwas Großes machen zu wollen.""";Rezension eines musikalischen Ereignisses, das zum Andenken an den Komponisten C. F. Füchs stattfand.;final
1848-02-29;wrz18480229;0229_01;w_0229_01;;keine;1;1;Fünfte Gründungs-Feier der Israelitischen Kinderbewahr-Anstalt in Wien, am 8. Februar 1848.;;Leopoldstadt, Donaustraße Nr. 5;;;ohne Autor;Essay/Abhandlung;Gesellschaft und Zeitbetrachtung;;"""Das eigene Bewußtsein der hierdurch bewirkten besonders ersprießlichen Wohlthaten möge die Stelle äußerer Dankesworte vertreten, und die Veröffentlichung derselben, der Anstalt diejenige vermehrte Theilnahme erwecken, deren sie zu ihrem fortgesetzten Gedeihen und Erstarken bedarf.""";Gesellschaft und Zeitbetrachtung als Hauptthema: die Kinderbewahr-Anstalt wird als Einrichtung von Fürsorge, Bildung und gesellschaftlicher Wohlfahrt behandelt.;final
1848-02-29;wrz18480229;0229_02;w_0229_02;;keine;1;2;Theater.;Agnes Gorel. Dramatisches Gedicht in fünf Aufzügen, von Franz Xaver Grutsch. Zum ersten Mahle im k. k. Hof-Burgtheater aufgeführt am 25. Februar d. J.;;L. F–r.;Leopold Fürstedler;wahrscheinlich;Kritik/Rezension;Kunst und Literatur;;;Rezension einer Theateraufführung.;final
1848-03-01;wrz18480301;0301_01;w_0301_01;;keine;1;1;Versammlungen der Freunde der Naturwissenschaften.;Metereologie. Probirkunde. Mathematik. Geologie. Physiologie.;;;;ohne Autor;Bericht/Mitteilung/Protokoll;Wissenschaft und Technik;;;Naturwissenschaften bzw. wissenschaftliche Tätigkeit des Vereins als Hauptgegenstand.;final
1848-03-01;wrz18480301;0301_02;w_0301_02;;keine;1;1;Précis d' uranographie et de géographie mathèmatique et physique.;Abriß der Uranographie, mathematischen und pysischen Geographie. Mit cosmographischen Darstellungen. Von Constant Desjardin. Wien 1848.;;L. F–r.;Leopold Fürstedler;wahrscheinlich;Kritik/Rezension;Wissenschaft und Technik;;;Rezension einer wissenschaftlichen bzw. wissenschaftsgeschichtlichen Publikation („Précis d' uranographie et de géographie mathèmatique et physique“).;final
1848-03-02;wrz18480302;0302_01;w_0302_01;;keine;1;2;Monaths-Versammlung des Nieder-Oesterr. Gewerb-Vereines.;;;;;ohne Autor;Bericht/Mitteilung/Protokoll;Industrie und Wirtschaft;;;Wirtschaftlich-gewerbliche Tätigkeit des Gewerbevereins als Hauptgegenstand.;final
1848-03-03;wrz18480303;0303_01;w_0303_01;;keine;1;1;Zur Orientirung.;;;J. P.;J. P.;nicht identifiziert;Essay/Abhandlung;Gesellschaft und Zeitbetrachtung;Politik und Recht;"""In Betrachtung der großen gemeinsamen Aufgabe, also aus dem Kern der bewußten politischen Idee des Reiches werden sich manche kleinliche Stimmungen, die sich zwecklos reißen, zur Ruhe geben; in der großen Gesinnung gehen viele geringfügige widerstrebende Belange unter, – in die Sonne stirbt die kleine Flamme""; ""Das Weitere was von nun an geschehen soll, ist daß das, was die Geschichte verbunden und mit einer großartigen Sendung betraut hat, sich innerlich und äußerlich immer fester zu­sammenschließe und im Bewußtsein des gemeinsamen Zie­les und des wechselseitigen Bedürfnisses ein über kleinli­chen Hader sich erhebender politischer Sinn der einzelnen Theile des Kaiserthums bilde, dann sind wir auf dem rechten Wege: »Und keine Zeit und keine Macht zerstückelt« »Geprägte Form die lebend sich entwickelt.«""";"Gesellschaft und Zeitbetrachtung als Hauptthema: der Beitrag dient der zeitgeschichtlichen Orientierung und Deutung der Gegenwart; politische Entwicklungen bilden einen substanziellen zweiten Bezug.";final
1848-03-05;wrz18480305;0305_01;w_0305_01;;keine;1;2;General-Versammlung des Wiener Schutzvereines aus Straf und Verwahrungsorten entlassene Personen.;;;;;ohne Autor;Bericht/Mitteilung/Protokoll;Gesellschaft und Zeitbetrachtung;;;Gesellschaft und Zeitbetrachtung als Hauptthema: Resozialisierung und Unterstützung aus Straf- und Verwahrungsorten entlassener Personen stehen im Zentrum.;final
1848-03-06;wrz18480306;0306_01;w_0306_01;;keine;1;1;Häuffler J. V. Kleine historische Bilder Gallerie aus Ungarns denkwürdiger Vorzeit.;Pesth 1847, kl. 8., X. 257 S.;;Dr. Gustav Wenzel;Gustav Wenzel;gesichert;Kritik/Rezension;Wissenschaft und Technik;Kunst und Literatur;;Wissenschaft und Technik als Hauptthema: Im Zentrum steht die Bewertung der historischen Forschungsleistung und der quellenmäßigen Fundierung der Darstellung. Die ausführliche Beurteilung der künstlerischen Ausführung der Abbildungen begründet Kunst und Literatur als Zweitthema.;final
1848-03-08;wrz18480308;0308_01;w_0308_01;;keine;1;1;Witterungsfunde.;;;Dr. Zawadzki, Prof. der Physik;Alexander Zawadzki;wahrscheinlich;Bericht/Mitteilung/Protokoll;Wissenschaft und Technik;;;Naturwissenschaftliche Beobachtung als Hauptgegenstand („Witterungsfunde“).;final
1848-03-09;wrz18480309;0309_01;w_0309_01;;keine;1;1;Theater.;Endlich hat er es doch gut gemacht. Lustspiel in 3 Acten, nach dem Englischen Stoffe für die Detusche Bühne bearbeitet Albini.;Zum ersten Mahle im k. k. Hofburgtheater aufgeführt am 6. März l. J.;L. F–r.;Leopold Fürstedler;wahrscheinlich;Kritik/Rezension;Kunst und Literatur;;;Rezension einer Theateraufführung („Theater“).;final
1848-03-09;wrz18480309;0309_02;w_0309_02;;keine;1;2;Gedichte von Friedrich Bach.;Zweite vermehrte Auflage. Leipzig. J. J. Weber. 1847.;;Ludwig Koller;Ludwig Koller;gesichert;Kritik/Rezension;Kunst und Literatur;;;Wertende Besprechung der Gedichte von Friedrich Bach.;final
1848-03-10;wrz18480310;0310_01;w_0310_01;;keine;1;1;Verhandlungen der Freunde der Naturwissenschaften.;Geologie. Anatomie. Chemie. Meteorologie.;;;;ohne Autor;Bericht/Mitteilung/Protokoll;Wissenschaft und Technik;;;Naturwissenschaften bzw. wissenschaftliche Tätigkeit des Vereins als Hauptgegenstand.;final
1848-03-11;wrz18480311;0311_01;w_0311_01;;keine;1;1;Geschichte der Polnischen Literatur  von Michael von Wisziniowski, Professor an der k. k. Hochschule zu Krakau, Mitglied mehrerer gelehrten Gesellschaften.;;;Johann Hofstetter;Johann Hofstetter;gesichert;Kritik/Rezension;Wissenschaft und Technik;Kunst und Literatur;;"Literaturgeschichte als geisteswissenschaftliche Forschungsleistung; Kunst und Literatur bleibt zudem als Gegenstandsbereich substanziell.";final
1848-03-12;wrz18480312;0312_01;w_0312_01;;keine;1;1;Concert.;Concerte des Henri Litolff.;;Renatus;Eduard Hanslick;wahrscheinlich;Kritik/Rezension;Kunst und Literatur;;;Rezension eines Konzerts („Concert“).;final
1848-03-13;wrz18480313;0313_01;w_0313_01;;keine;1;1;Wiener allgemeines Witwen- und Waisen-Pensions-Institut.;;;;;ohne Autor;Bericht/Mitteilung/Protokoll;Industrie und Wirtschaft;Gesellschaft und Zeitbetrachtung;;"Industrie und Wirtschaft als Hauptthema: Organisation und finanzielle Funktionsweise des Witwen- und Waisen-Pensions-Instituts stehen im Zentrum; seine soziale Sicherungsfunktion bildet das Zweitthema.";final
1848-03-13;wrz18480313;0313_02;w_0313_02;;Fortsetzungsbeitrag;1;2;Uebersicht des Waaren-Verkehres und der Zollerträgnisse Oesterreichs im J. 1846.;;;Von Dr. Moriz v. Stubenrauch;Moriz von Stubenrauch;gesichert;Bericht/Mitteilung/Protokoll;Industrie und Wirtschaft;;;Warenverkehr und Zollerträge als wirtschaftlich-statistischer Hauptgegenstand.;final
1848-03-14;wrz18480314;0314_01;w_0314_01;;keine;1;1;Erstes Concert spirituel.;;;Renatus;Eduard Hanslick;wahrscheinlich;Kritik/Rezension;Kunst und Literatur;;;Rezension eines Konzerts oder musikalischen Ereignisses („Erstes Concert spirituel“).;final
1848-03-14;wrz18480314;0314_02;w_0313_02;;Fortsetzungsbeitrag;1;2;Uebersicht des Waaren-Verkehres und der Zollerträgnisse Oesterreichs im J. 1846.;;Fortsetzung.;Von Dr. Moriz v. Stubenrauch;Moriz von Stubenrauch;gesichert;Bericht/Mitteilung/Protokoll;Industrie und Wirtschaft;;;Warenverkehr und Zollerträge als wirtschaftlich-statistischer Hauptgegenstand.;final
1848-03-15;wrz18480315;0315_01;w_0313_02;;Fortsetzungsbeitrag;1;1;Uebersicht des Waaren-Verkehres und der Zollerträgnisse Oesterreichs im J. 1846.;;Schluß.;Von Dr. Moriz v. Stubenrauch;Moriz von Stubenrauch;gesichert;Bericht/Mitteilung/Protokoll;Industrie und Wirtschaft;;;Warenverkehr und Zollerträge als wirtschaftlich-statistischer Hauptgegenstand.;final
1848-03-18;wrz18480318;0318_01;w_0318_01;;keine;1;1;Neues Volkslied am 15. März 1848.;;;Von Benno Phisemar;Joseph Bermann;unsicher;Literarischer Primärtext;Politik und Recht;Gesellschaft und Zeitbetrachtung;"""Gott erhalte unsern Kaiser, unsern Kaiser Ferdinand""; ""Segne Gott! Die schönen Stunden Die sein Kaiserwort gebracht""; ""Fürtst und Volk sind treu verbunden Neu begründet Oestreichs Macht""";"Politik und Recht als Hauptthema: Themen wie Pressefreiheit, Volksbewaffnung, Verfassung und Kaiser-Volk-Verhältnis stehen im Zentrum; gesellschaftliche Zusammengehörigkeit bildet ein substanzielles Zweitthema.";final
1848-03-18;wrz18480318;0318_02;w_0318_02;;keine;1;1;Lied der Oesterreicher.;;;J. G. Müller;Johann Georg Müller;wahrscheinlich;Literarischer Primärtext;Politik und Recht;;"""Was soll als erstes freies Wort Durch Oesterreich erschallen? Was weit und breit von Ort zu Ort Durch Deutschland wiederhallen? Dank dem Kaiser!""";Politik und Recht: Das Lied feiert freies Wort und Volksbewaffnung als politische Errungenschaften des Kaisers.;final
1848-03-18;wrz18480318;0318_03;w_0318_03;s_circulationsbank;Artikelreihe;1;2;Populäre Darstellung der Natur einer Circulations-Bank, mit Beziehung auf den Ausweis der Oesterr. Nationalbank vom 5. März über ihren Activ- und Passivstand.;;Erster Artikel.;;E. T.;nicht identifiziert;Essay/Abhandlung;Industrie und Wirtschaft;;;Bankwesen, Geldzirkulation und Finanzierung als Hauptgegenstand.;final
1848-03-19;wrz18480319;0319_01;w_0318_03;s_circulationsbank;Artikelreihe;1;2;Populäre Darstellung der Natur einer Circulations-Bank, mit Beziehung auf den Ausweis der Oesterr. Nationalbank vom 5. März über ihren Activ- und Passivstand.;;Erster Artikel.;E. T.;E. T.;nicht identifiziert;Essay/Abhandlung;Industrie und Wirtschaft;;;Bankwesen, Geldzirkulation und Finanzierung als Hauptgegenstand.;final
1848-03-20;wrz18480320;0320_01;w_0320_01;;keine;1;1;Verhandlungen der Gesellschaft der Freunde der Naturwissenschaften.;;;;;ohne Autor;Bericht/Mitteilung/Protokoll;Wissenschaft und Technik;;"""Hr. Begrath Haidinger wies ferner noch das Zeitgemäße der Gesellschaft hin, indem sie auf wissenschaftliche Arbeit gegründet, unmittelbar auf Einleitung technischer Arbeiten durch den Druck u. s. w. hinwirken. Die gesammelten Geldmittel, denen nun eine größere Ausdehnung zu wünschen ist, werden oft in der ersten, wenigstens in der zweiten, dritten Hand dem Arbeiter gegeben. Es ist gewiß in unserer Zeit eine große Pflicht, nützliche Arbeit in Gang zu setzen.""";Naturwissenschaften bzw. wissenschaftliche Tätigkeit des Vereins als Hauptgegenstand.;final
1848-03-21;wrz18480321;0321_01;w_0321_01;;keine;1;1;Oesterreicher Lied.;;Nach der Melodie der Brittischen Volkshymne zu singen.;Max Löwenthal;Max von Löwenthal;wahrscheinlich;Literarischer Primärtext;Gesellschaft und Zeitbetrachtung;Politik und Recht;"Fußnote der Redaktion: ""Seit wir, gegen unsern bisherigen Grundsatz, ein paar Gedichte in unsere Spalten aufgenommen, werden wir mit Versen ganz überfluthet. Es waren nur die außerordentlichen Verhältnisse der vergangenen Woche, welche uns zum Abweichen von einer Regel veranlaßten, zu der wir hiermit wieder feierlichst zurückkehren. Nur zwei Gedichte glauben wir unsern Lesern zum guten Schlusse noch mittheilen zu sollen; das makige, poetische ""Oesterreicher Lied"", und die folgende Anpassung des alten Tertes des ""Gott erhalte"" auf die heutigen Verhältnisse. Und nun – Ade holde Poesie; wir zimmern unser Rüstzeug aus härterem Stoffe. Die Red.""";Gesellschaft und Zeitbetrachtung als Hauptthema: Das Lied entwirft ein neues österreichisches Selbstverständnis aus Freiheit, Brüderlichkeit und nationaler Selbstbehauptung, Politik und Recht bildet das Zweitthema.;final
1848-03-21;wrz18480321;0321_02;w_0321_02;;keine;1;1;Das alte Volkslied neu angestimmt am 15. März 1848.;;;J. Härdtl;J. Härdtl;nicht identifiziert;Literarischer Primärtext;Politik und Recht;;;Politik und Recht: Die Umarbeitung des Kaiserlieds reagiert auf den 15. März und thematisiert Grundgesetz, Gerechtigkeit, politische Ordnung und Kaiser-Volk-Verhältnis.;final
1848-03-24;wrz18480324;0324_01;w_0324_01;;keine;1;1;Censur und Kunst-Kritik.;;;Eduard Hanslick;Eduard Hanslick;gesichert;Essay/Abhandlung;Politik und Recht;Kunst und Literatur;"""Dem edlen Monarchen aber, dessen milde Hand, wie früher die politischen Verbrecher, so jetzt die geistigen Gefangenen frei ließ, gebührt wahrer, unvergänglicher Ruhm. Der eiserne Käfig der Censur ist gesprengt, – frei sind all' die schimmernden Paradiesvögel der Poesi, und frei der stolze Aar: die Wissenschaft.""";"Politik und Recht als Hauptthema: Zensur als rechtlich-politische Einschränkung steht im Zentrum; Kunstkritik bildet den konkret betroffenen kulturellen Bereich.";final
1848-03-25;wrz18480325;0325_01;w_0325_01;;Fortsetzungsbeitrag;1;1;Weitere Beobachtungen über den Eisgang der Donau im Jahre 1848.;Vorgetragen in der Versammlung der Gesellschaft der Freunde der Naturwissenschaften am 25. Februar 1848.;;Von Ludwig Freiherrn v. Forgatsch;Ludwig Freiherr Forgatsch von Forgatsch;wahrscheinlich;Rede/Vortrag;Wissenschaft und Technik;;;Meteorologische bzw. naturwissenschaftliche Beobachtung als Hauptgegenstand („Weitere Beobachtungen über den Eisgang der Donau im Jahre 1848“).;final
1848-03-26;wrz18480326;0326_01;w_0325_01;;Fortsetzungsbeitrag;1;1;Weitere Beobachtungen über den Eisgang der Donau im Jahre 1848.;Vorgetragen in der Versammlung der Gesellschaft der Freunde der Naturwissenschaften am 25. Februar 1848.;Schluß.;Von Ludwig Freiherrn v. Forgatsch;Ludwig Freiherr Forgatsch von Forgatsch;wahrscheinlich;Rede/Vortrag;Wissenschaft und Technik;;;Meteorologische bzw. naturwissenschaftliche Beobachtung als Hauptgegenstand („Weitere Beobachtungen über den Eisgang der Donau im Jahre 1848“).;final
1848-03-29;wrz18480329;0329_01;w_0329_01;;keine;1;1;Verhandlungen der Gesellschaft der Freunde der Naturwissenschaften.;Physik, Zoologie, Anatomie, Chemie, Mineralogie.;;;;ohne Autor;Bericht/Mitteilung/Protokoll;Wissenschaft und Technik;;;Naturwissenschaften bzw. wissenschaftliche Tätigkeit des Vereins als Hauptgegenstand.;final
1848-03-30;wrz18480330;0330_01;w_0330_01;;keine;1;1;Sitzungen der kaiserlichen Akademie der Wissenschaften.;;;;;ohne Autor;Bericht/Mitteilung/Protokoll;Wissenschaft und Technik;;;Naturwissenschaften bzw. wissenschaftliche Tätigkeit der Akademie als Hauptgegenstand.;final
1848-03-30;wrz18480330;0330_02;w_0330_02;;keine;1;2;Theater. Zopf und Schwert.;Historisches Luspiel in fünf Aufzügen von Carl. Gutzlow.;Aufgef. im Theater an der Wien am 24. März;Quidam;Quidam;nicht identifiziert;Kritik/Rezension;Kunst und Literatur;;;Rezension einer Theateraufführung.;final
1848-04-02;wrz18480402;0402_01;w_0402_01;;Fortsetzungsbeitrag;1;2;Dänemark und die Schleswig-Holstein Frage.;;;;Moritz Heyssler;unsicher;Essay/Abhandlung;Politik und Recht;;"Fußnote der Redaktion: ""Von der bestandenen Censur nicht zugelassen""; ""Der kürzlich am 20. Januar erfolgte Tod des Königs Christian VIII. hat die vielbesprochene Frage neuerdings lebendig angeregt, in welchem staatsrechtlichen Verbande die Herzogthümer Schleswig und Holstein zu Dänemark stehen, ob sie, wie die Dänen behaupten, als für immer von der Dänischen Monarchie untrennbare Bestandtheile derselben zu betrachten, oder ob eine eventuelle Trennung von den übrigen Dänischen Provinzen in dem particulären, fort und fort zu Recht bestehenden Staatsrechte der beiden Herzogthümer begründet ist.""";Politik und Recht als Hauptthema: die Schleswig-Holstein-Frage und das Verhältnis zu Dänemark werden als politischer Konflikt behandelt.;final
1848-04-03;wrz18480403;0403_01;w_0402_01;;Fortsetzungsbeitrag;1;2;Dänemark und die Schleswig-Holstein Frage.;;Schluß.;L. N.;Moritz Heyssler;unsicher;Essay/Abhandlung;Politik und Recht;;;Politik und Recht als Hauptthema: die Schleswig-Holstein-Frage und das Verhältnis zu Dänemark werden als politischer Konflikt behandelt.;final
1848-04-05;wrz18480405;0405_01;w_0405_01;;keine;1;1;Kaiserl. Akademie der Wissenschaften.;;;;;ohne Autor;Bericht/Mitteilung/Protokoll;Wissenschaft und Technik;;;Naturwissenschaften bzw. wissenschaftliche Tätigkeit der Akademie als Hauptgegenstand.;final
1848-04-05;wrz18480405;0405_02;w_0405_02;s_briefe_provinz;Artikelreihe;1;2;Briefe aus der Provinz.;I.;;P. M.;P. M.;nicht identifiziert;Brief/Korrespondenz;Gesellschaft und Zeitbetrachtung;Politik und Recht;"""Das ist unsere Lage seit den Tagen des März. – Wir sind – ohne Schiff und Mannschaft zu wechseln, aus Flußschiffern – Segler im Ocean geworden; – das gränzenlose Meer liegt vor— stärker als wir gewohnt sind, schaukeln uns seine höher gehenden Wellen [...]""; ""Das ist eben das Eigenthümliche unsers Vaterlandes, daß Wien — Wien und nicht Paris — daß die Provinzen keine Provinzen sondern Länder sind, die einen eigenen Pulsschlag haben, von dem nur zu wünschen ist, daß er in gleichem Tacte mit dem der ver­brüderten Länder schlage!""; ""Ich glaube, daß aus kleinen Symptomen oft große Dinge erkannt werden können, darum sind kleine EInzelheiten nicht unbeachtenswerth, und der Einzelheiten gibt es eben in unserer Zeit unzäglige, aus ihnen besteht das Ganze, und eben weil die Einzelnheiten mannigfaltig und sehr verschieden selbst entgegengesetzt gefärbt sind, sit das Kleid unserer Bewegung ein buntes, vielfärbiges, ein von allen Seiten zu besehendes wenn man es kennn will – ein Harlekinkleid, wenn es nicht mit Anstand und Würde getragen wird.""";"Gesellschaft und Zeitbetrachtung als Hauptthema: die Provinzkorrespondenz beobachtet gesellschaftliche Zustände und Stimmungslagen; aktuelle politische Entwicklungen bilden einen substanziellen zweiten Bezug.";final
1848-04-06;wrz18480406;0406_01;w_0406_01;;keine;1;1;Concerte.;;;Ed. H.;Eduard Hanslick;wahrscheinlich;Kritik/Rezension;Kunst und Literatur;;"""Motto: Rast dieses Volk, daß es dazu noch Musik macht? Wilh. Tell.""; ""Ich stehe nicht an, die Leser dieser Zeitung um Entschuldigung zu bitten, daß ich jetzt über Concerte schreibe, glaube aber, daß man noch viel dringender um Verzeihung bitten sollte, Concerte zu geben""";Rezension von Konzerten.;final
1848-04-07;wrz18480407;0407_01;w_0407_01;;keine;1;1;Versammlungen der Freunde der Naturwissenschaften.;;;;;ohne Autor;Bericht/Mitteilung/Protokoll;Wissenschaft und Technik;;;Naturwissenschaften bzw. wissenschaftliche Tätigkeit des Vereins als Hauptgegenstand.;final
1848-04-07;wrz18480407;0407_02;w_0407_02;;keine;1;2;Das Französische Grundgesetz über die National-Garde;;Code du garde national;Ein National-Garde.;National-Garde;nicht identifiziert;Essay/Abhandlung;Politik und Recht;;"Vor dem Titel, folgende Bemerkung (vermutlich durch die Redaktion): ""Im Augenblicke, wo es sich um die Organisatirung unserer National-Garde handelt, dürfte folgende kurze Zusammenstellung der Grundsätze der Französischen National-Garde, nicht ohne Interesse sein""; ""Gebt doch einmahl eure bunten Abzeichen auf, schmückt Euch mit Oesterreichs Farben, nennt Euch Oesterreicher, seid stets tapfer und besonnen, wie Ihr es seit dem 13. März waret, und Ihr werdet das erste, feieste, kräftigste, geachteste Volk in Deutschland sein und bleiben""";Verfassungs-/Gesetzesfrage zur Nationalgarde als Hauptgegenstand.;final
1848-04-11;wrz18480411;0411_01;w_0411_01;s_briefe_provinz;Artikelreihe;1;1;Briefe aus der Provinz.;II.;;P. M.;P. M.;nicht identifiziert;Brief/Korrespondenz;Gesellschaft und Zeitbetrachtung;Politik und Recht;"Zur Bedeutung politischer Bildung: „Noch hat die freie Presse nicht Zeit gehabt ihren Beruf zu erfüllen.“; Kernforderung: „vor allem aber muß bald und systematisch der Weg der Belehrung des Publicums über öffentliche Interessen eingeschlagen werden“; Schlussappell: „Das Zusammenhalten aller Besonnenen ist höchst nöthig.“";"Gesellschaft und Zeitbetrachtung als Hauptthema: die Provinzkorrespondenz beobachtet gesellschaftliche Zustände und Stimmungslagen; politische Entwicklungen bilden einen substanziellen zweiten Bezug.";final
1848-04-12;wrz18480412;0412_01;w_0412_01;;keine;1;1;Einige Worte bei Gelegenheit der ersten Hahnemannsfeier in Wien am 10. April 1848.;;;Gesprochen von Dr. Arnold Löwe;Arnold Löwe;gesichert;Rede/Vortrag;Politik und Recht;Wissenschaft und Technik;;"Politik und Recht als Hauptthema: Die Märzrevolution und veränderte politische Verhältnisse strukturieren die Rede; Hahnemann und der medizinisch-wissenschaftliche Anlass bilden das Zweitthema.";final
1848-04-12;wrz18480412;0412_02;w_0412_02;;keine;1;1;Verhandlungen der Freunde der Naturwissenschaften.;Paläontologie. Entomologie. Mineralogie. Literatur.;;;;ohne Autor;Bericht/Mitteilung/Protokoll;Wissenschaft und Technik;;;Naturwissenschaften bzw. wissenschaftliche Tätigkeit des Vereins als Hauptgegenstand.;final
1848-04-12;wrz18480412;0412_03;w_0412_03;;keine;1;2;Das adelige, baarhäuptige Volk.;;;;;ohne Autor;Essay/Abhandlung;Gesellschaft und Zeitbetrachtung;;"""Risum teneatus amici! Das Ausland vernahm erstaunt, verblüfft die Kunde von den großen Ereignissen an der Donau. Das gutmüthige, indolente, in Lebensgenuß versunkene, jedes thatkräftigen Aufschwunges unfähige Volk der Wiener erhebt sich plötzlich wie Ein Mann mit Löweningrimm, und wenn es so lange hinter den übrigen Völkern des Welttheils zurückgeblieben, fordert und erlangt es mit einem Mahle alle Resulatate der politischen Entwickelung des Jahrhudnerts"".";"Gesellschaft und Zeitbetrachtung: Der Beitrag deutet Verhalten, Eigenschaften und gesellschaftliche Selbstwahrnehmung des Wiener Volkes; die Märzrevolution bleibt Bezugsrahmen.";final
1848-04-13;wrz18480413;0413_01;w_0413_01;;keine;1;1;Musik.;1) Concert spirituel. 2) Production des Männer-Gesangvereins.;;Ed. H.;Eduard Hanslick;wahrscheinlich;Kritik/Rezension;Kunst und Literatur;;;Rezension mehrer musikalischer Ereignisse („Musik“).;final
1848-04-14;wrz18480414;0414_01;w_0414_01;;Fortsetzungsbeitrag;1;2;Was hat die Kunst von den Bewegungen der Gegenwart zu hoffen oder zu fürchten?;Vorlesung, gehalten bei Eröffnung des Sommer-Curses an der Wiener Hochschule von R. Eitelberger v. Edelberg.;;R. Eitelberger v. Edelberg;Rudolf Eitelberger von Edelberg;gesichert;Rede/Vortrag;Politik und Recht;Kunst und Literatur;"„Nicht bloß die Freiheit zu erringen, sondern sie zu verdienen und sie zu erhalten kostet eine anhaltende Arbeit.“; „Jetzt sind wir eine Nation geworden, oder vielmehr wir haben den Muth zu sagen: daß wir eine werden wollten.“; „Über Nacht werden Constitutionen gemacht ... über eine Nation macht man nicht, eine Nation wird.“; „Wir müssen uns hüthen diese Mittel [die der Freiheit] zu mißbrauchen.“; „Wir können sie mißbrauchen ... im Sinne eines kläglichen Communismus und im Sinne einer aristokratischen Reaction“; „So wird sich nach und nach ein National-Bewußtsein durch das Rechtsbewußtsein entwickeln.""";"Politik und Recht als Hauptthema: die aktuellen politischen „Bewegungen der Gegenwart“ erscheinen zentral und bilden den leitenden Bezugsrahmen für die Frage nach den Folgen für die Kunst; Kunst und Literatur ist Zweitthema.";final
1848-04-15;wrz18480415;0415_01;w_0414_01;;Fortsetzungsbeitrag;1;2;Was hat die Kunst von den Bewegungen der Gegenwart zu hoffen oder zu fürchten?;;Schluß.;;Rudolf Eitelberger von Edelberg;gesichert;Rede/Vortrag;Politik und Recht;Kunst und Literatur;"""Sie hat Alles zu fürchten, wenn die Politik keine Deutsche wird, Alles zu hoffen, wenn sie es wird""";"Politik und Recht als Hauptthema: die aktuellen politischen „Bewegungen der Gegenwart“ erscheinen zentral und bilden den leitenden Bezugsrahmen für die Frage nach den Folgen für die Kunst; Kunst und Literatur ist Zweitthema.";final
1848-04-16;wrz18480416;0416_01;w_0416_01;;keine;1;2;Das kaiserl. Hof- und National-Theater in Wien.;Ein Wort für seine Reform.;(Kurzer geschichtlicher Rückblick. – Neue Aera. – Bedeutung der Nationalbühne. – Dramatische Dichter und Dichtungen. – Die Intendanz. – Der Dramaturg. – Die Regie. – Die Schauspieler. – Das Repertoir. – Die Kritik.);;;ohne Autor;Essay/Abhandlung;Kunst und Literatur;Gesellschaft und Zeitbetrachtung;"""Die Aufgabe der National-Bühne ist (um Alles in Eins zu fassen) das Volk (ich zähle dazu auch die gebildeten Klassen der Gesellschaft) durch unmittelbare Darstellung des Lebens in Vergangenheit, Gegenwart und Zukunft, zu bilden zu veredeln, zu erheitern, den Sinn für das Große, Schöne und das Allgemeine des Vaterlandes zu wecken, zu befestigen, zu erweitern""; ""Und nun – die Kritik –? Sie wird, sie muß würdiger werden, wenn sie Würdigeres zu besprechen, größere Aufgaben zu lösen die Interessen der Nationalbühne zu vertreten hat!""";"Kunst und Literatur als Hauptthema: Reform des Hof- und Nationaltheaters als kulturelle Institution; gesellschaftliche Funktion und öffentliche Bedeutung des Theaters bilden das Zweitthema.";final
1848-04-19;wrz18480419;0419_01;w_0419_01;;keine;1;1;Kunstblatt.;Oesterreichs glorreiche Tage.;;Quidam;Quidam;nicht identifiziert;Essay/Abhandlung;Politik und Recht;Kunst und Literatur;"""Zum Schlusse noch einmahl: ob in Gold- oder einfachem Schwarzbrucke, ob um Gulden oder um Kreuzer, jeder gute Oesterreicher kaufe, hühte, wahre und vererbe auf Kinder und Kindeskinder das Patent vom 15. März 1848.""";"Politik und Recht als Hauptthema: „Oesterreichs glorreiche Tage“ werden als politisch-zeitgeschichtliches Ereignis gedeutet; die künstlerische Darstellung bildet das Zweitthema.";final
1848-04-19;wrz18480419;0419_02;w_0419_02;;keine;1;1;Musik.;;;E. H.;Eduard Hanslick;wahrscheinlich;Kritik/Rezension;Kunst und Literatur;;;Rezension eines Konzerts oder musikalischen Ereignisses („Musik“).;final
1848-04-19;wrz18480419;0419_03;w_0419_03;;keine;1;1;[Ohne Titel];;;Quidam;Quidam;nicht identifiziert;Kritik/Rezension;Kunst und Literatur;;"Einstieg ohne Titel: ""Freitag am 14ten sahen wir in demselben die erste Darstellung von [...]""";Kunst und Literatur als Hauptthema: eigenständige Aufführungsbesprechung trotz fehlender Überschrift.;final
1848-04-19;wrz18480419;0419_04;w_0419_04;;keine;1;2;Ueber das Armthum.;Von Carl Scherzer. Wien,1848. Kaulfuß Wirtwe, Prandel und Comp.;;L. Fr.;L. Fr.;nicht identifiziert;Kritik/Rezension;Gesellschaft und Zeitbetrachtung;;;Gesellschaft und Zeitbetrachtung als Hauptthema: die rezensierte Schrift behandelt Armut als gesellschaftliches Problem und Gegenstand sozialer Diagnose.;final
1848-04-20;wrz18480420;0420_01;w_0420_01;;keine;1;1;Musik.;Viertes Concert spirituel.;;Ed. H.;Eduard Hanslick;wahrscheinlich;Kritik/Rezension;Kunst und Literatur;;;Rezension eines Konzerts („Viertes Concert spirituel“).;final
1848-04-20;wrz18480420;0420_02;w_0420_02;;keine;1;2;Dieß Wort gehört den Proletariern!;Eine Zeitbetrachtung.;;Von E. Straube;E. Straube;nicht identifiziert;Essay/Abhandlung;Gesellschaft und Zeitbetrachtung;;"""Darum – dieß Wort gehört den Proletariern – sorgt für Arbeit, und laßt dabei diejenigen, denen Ihr diese heilige Mission anvertraut, Menschen von Gefühl und von Taxt und von gewinnenden Manieren sein, damit der humane Zweck auf humane, Oesterreichische Weise erreicht werde! – sorgt für die Arbeiter, auf daß sie stark werden in Liebe und Vertrauen, und Ihr werden stark sein!""";Gesellschaft und Zeitbetrachtung als Hauptthema: die ausdrücklich als „Zeitbetrachtung“ bezeichnete Schrift richtet den Blick auf Lage und Ansprüche der Proletarier.;final
1848-04-21;wrz18480421;0421_01;w_0421_01;;keine;1;1;Kaiserliche Akademie der Wissenschaften.;;;;;ohne Autor;Bericht/Mitteilung/Protokoll;Wissenschaft und Technik;;;Naturwissenschaften bzw. wissenschaftliche Tätigkeit der Akademie als Hauptgegenstand.;final
1848-04-27;wrz18480427;0427_01;w_0427_01;;keine;1;2;Die Reform des Hofbaurathes;;;von Rudolph Eitelberger v. Edelberg.;Rudolf Eitelberger von Edelberg;gesichert;Essay/Abhandlung;Politik und Recht;Kunst und Literatur;"""Die Freiheit des Künstlers muß eben so anerkannt werden, wie die des Schriftstellers, letztere wurde durch die Censur verkümmert, erstere in Bezug auf die Architektur (denn nur von dieser sprechen wir hier) durch die Bureaukratie.""";"Politik und Recht als Hauptthema: Die institutionelle und administrative Reform des Hofbaurats steht im Zentrum; Kunst und Literatur ist durch die Entwicklung zur Kunstbehörde substanzielles Zweitthema.";final
1848-04-28;wrz18480428;0428_01;w_0428_01;;keine;1;1;Verhandlungen der Freunde der Naturwissenschaften.;Paläontologie. Entomologie. Mineralogie.;;;;ohne Autor;Bericht/Mitteilung/Protokoll;Wissenschaft und Technik;;;Naturwissenschaften bzw. wissenschaftliche Tätigkeit des Vereins als Hauptgegenstand.;final
1848-04-30;wrz18480430;0430_01;w_0430_01;;keine;1;1;Theater.;Die Karlsschüler. Schauspiel in 5 Aufzügen von Heinrich Laube.;;L. F–r.;Leopold Fürstedler;wahrscheinlich;Kritik/Rezension;Kunst und Literatur;;;Rezension einer Theateraufführung („Theater“).;final
1848-04-30;wrz18480430;0430_02;w_0430_02;;keine;1;1;Kaiserliche Akademie der Wissenschaften.;;;;;ohne Autor;Bericht/Mitteilung/Protokoll;Wissenschaft und Technik;;;Naturwissenschaften bzw. wissenschaftliche Tätigkeit der Akademie/des Vereins als Hauptgegenstand.;final
1848-05-03;wrz18480503;0503_01;w_0503_01;;keine;1;1;Theater.;Ein Feldlager in Schlesien (Bielta). Oper von G. Meyerbeer.;Aufgeführt im National-Theater am 27. April.;Ed. H.;Eduard Hanslick;wahrscheinlich;Kritik/Rezension;Kunst und Literatur;;;Rezension einer Theateraufführung („Theater“).;final
1848-05-05;wrz18480505;0505_01;w_0505_01;;keine;1;1;Die Wiedereröffnung des k. k. Operntheaters nächst dem Kärnthnerthore.;;;;;ohne Autor;Essay/Abhandlung;Kunst und Literatur;;"""Ich darf nicht übergehen, und hoffe, im Publicum ein tausendfältiges Echo zu finden, wenn ich sage, daß als wir Staudigl, diesen begeisterten und begeisternden Gesangs-Heros, der seinen bedrängten Brüdern bedeutende, einträgliche Engagements in England großmüthig als Opfer brachte, wieder auf dieser Bühne, sahen, für uns ein langgehegter, lauter Wunsch in Erfüllung ging""";Reflektierender Beitrag zur Wiedereröffnung des Operntheaters.;final
1848-05-06;wrz18480506;0506_01;w_0506_01;;keine;1;1;Concert des Hrn. Sigmund Thalberg am 3. Mai, Abends 8 Uhr, im Saale der Gesellschaft der Musikfreunde.;;;Ed. H.;Eduard Hanslick;wahrscheinlich;Kritik/Rezension;Kunst und Literatur;;"""Eine ausführliche Kritik Thalberg's ist nicht mehr an der Zeit, wir alle kennen ihn längst und haben gar oft seine Meisterschaft bewundert.""";Rezension eines Konzerts von Sigmund Thalberg.;final
1848-05-09;wrz18480509;0509_01;w_0509_01;;keine;1;1;Kaiserliche Akademie der Wissenschaften.;;;;;ohne Autor;Bericht/Mitteilung/Protokoll;Wissenschaft und Technik;;;Naturwissenschaften bzw. wissenschaftliche Tätigkeit der Akademie als Hauptgegenstand.;final
1848-05-11;wrz18480511;0511_01;w_0511_01;s_betrachtungen_kunstausstellung;Artikelreihe;1;1;Betrachtungen bei Gelegenheit der Wiener Kunstausstellung vom J. 1848.;I. Der Hof und die Kunst.;;Rud. Eitelberger von Edelberg.;Rudolf Eitelberger von Edelberg;gesichert;Essay/Abhandlung;Kunst und Literatur;Gesellschaft und Zeitbetrachtung;;"Kunst und Literatur als Hauptthema: Die Wiener Kunstausstellung und ihre künstlerische Bedeutung stehen im Zentrum; gesellschaftliche Bedingungen der Kunst bilden das Zweitthema.";final
1848-05-12;wrz18480512;0512_01;w_0512_01;;keine;1;1;[Ohne Titel];;;;;ohne Autor;Bericht/Mitteilung/Protokoll;Industrie und Wirtschaft;;"""Am 2. Mai 1848 hat die Versammlung de großen Ausschusses der ersten Oesterreichischen Sparcasse und allgemeinen Versorgungsanstalt Statt gefunden.""";Industrie und Wirtschaft als Hauptthema: Versammlung der ersten österreichischen Sparkasse und allgemeinen Versorgungsanstalt mit institutionell-finanziellem Fokus.;final
1848-05-14;wrz18480514;0514_01;w_0514_01;;keine;1;1;Theater.;Maria Magdalena. Bürgerliches Trauerspiel in drei Acten von Friedrich Hebbel.;Aufgeführt am 8. Mai im Hof- und National-Theater.;F.;F.;nicht identifiziert;Kritik/Rezension;Kunst und Literatur;;;Rezension von Hebbels „Maria Magdalena“ als Theateraufführung.;final
1848-05-15;wrz18480515;0515_01;w_0515_01;s_betrachtungen_kunstausstellung;Artikelreihe;1;1;Betrachtungen bei Gelegenheit der Wiener Kunstausstellung vom J. 1848.;II. Die Aristokratie und die Kunst.;;R. E. v. E.;Rudolf Eitelberger von Edelberg;wahrscheinlich;Essay/Abhandlung;Kunst und Literatur;Gesellschaft und Zeitbetrachtung;;"Kunst und Literatur als Hauptthema: Die Wiener Kunstausstellung und ihre künstlerische Bedeutung stehen im Zentrum; Aristokratie und gesellschaftliche Bedingungen der Kunst bilden das Zweitthema.";final
1848-05-16;wrz18480516;0516_01;w_0516_01;;keine;1;1;Denkblatt an Oesterreichs drei glorreichste Tage.;"Entworfen und den Studierenden und Bürgern Wiens gewidmet von Ferdinand Lewele; gezeichnet und in Stein graviert von Friedr. Berndt.";;Quidam;Quidam;nicht identifiziert;Kritik/Rezension;Politik und Recht;;"""Weit in nebelhafter Ferne liegt uns das entschwundene Glück der drei Märztage""";Politik und Recht: Das rezensierte Denkblatt erinnert unmittelbar an die politischen Märzereignisse und deutet sie als zentralen historischen Einschnitt.;final
1848-05-23;wrz18480523;0523_01;w_0523_01;;keine;1;1;Verhandlungen der Freunde der Naturwissenschaften.;Zoologie. Geognosie. Mineralogie.;;;;ohne Autor;Bericht/Mitteilung/Protokoll;Wissenschaft und Technik;;;Naturwissenschaften bzw. wissenschaftliche Tätigkeit des Vereins als Hauptgegenstand.;final
1848-05-26;wrz18480526;0526_01;w_0526_01;;keine;1;1;Kaiserliche Akademie der Wissenschaften.;;Durch Zufall verspätet.;;;ohne Autor;Bericht/Mitteilung/Protokoll;Wissenschaft und Technik;Gesellschaft und Zeitbetrachtung;;"Wissenschaft und Technik als Hauptthema: Bericht über Tätigkeit der Akademie; Eine ausführlich besprochene Reform gesellschaftlicher Titel- und Anredeformen begründet das Zweitthema Gesellschaft.";final
1848-05-28;wrz18480528;0528_01;w_0528_01;;keine;1;1;Theater.;Die Valentine. Schauspiel in fünf Acten, von Gustav Freytag. Zum ersten Mahle aufgeführt im k. k. Hof- und Nationaltheater am 17. Mai 1848.;;L. F.;L. F.;nicht identifiziert;Kritik/Rezension;Kunst und Literatur;;;Rezension einer Theateraufführung.;final
1848-05-28;wrz18480528;0528_02;w_0528_02;s_betrachtungen_kunstausstellung;Artikelreihe;1;1;Betrachtungen bei Gelegenheit der Wiener Kunstausstellung vom J. 1848.;III. Die Kirche, die Akademie und die Kunst.;;R. E. v. E.;Rudolf Eitelberger von Edelberg;wahrscheinlich;Essay/Abhandlung;Kunst und Literatur;Gesellschaft und Zeitbetrachtung;;"Kunst und Literatur als Hauptthema: Kunstausstellung und institutionelles Verhältnis zur Kunst stehen im Zentrum; Kirche und Akademie als gesellschaftliche Institutionen bilden das Zweitthema.";final
1848-05-29;wrz18480529;0529_01;w_0529_01;;Fortsetzungsbeitrag;1;2;Ideen zu einer Geschichte der Sprachen.;Vom politischen Standpuncte aus beleuchtet von Carl Oberleitner.;;Carl Oberleitner;Carl Oberleitner;gesichert;Essay/Abhandlung;Politik und Recht;Wissenschaft und Technik;;"Politik und Recht als Hauptthema: Sprachgeschichte wird ausdrücklich auf politische Freiheit, Nationalität, Rechtsgefühl und Staatsbildung bezogen; die sprachwissenschaftliche Argumentation bildet das Zweitthema Wissenschaft und Technik.";final
1848-05-30;wrz18480530;0530_01;w_0529_01;;Fortsetzungsbeitrag;1;2;Ideen zu einer Geschichte der Sprachen.;Vom politischen Standpuncte aus beleuchtet von Carl Oberleitner.;Schluß.;Carl Oberleitner;Carl Oberleitner;gesichert;Essay/Abhandlung;Politik und Recht;Wissenschaft und Technik;;"Politik und Recht als Hauptthema: Sprachgeschichte wird ausdrücklich auf politische Freiheit, Nationalität, Rechtsgefühl und Staatsbildung bezogen; die sprachwissenschaftliche Argumentation bildet das Zweitthema Wissenschaft und Technik.";final
1848-06-06;wrz18480606;0606_01;w_0606_01;s_betrachtungen_kunstausstellung;Artikelreihe;1;1;Betrachtungen bei Gelegenheit der Wiener Kunstausstellung vom J. 1848.;IV. Der Künstler und die Kunstwerke.;;R. E. v. E.;Rudolf Eitelberger von Edelberg;wahrscheinlich;Essay/Abhandlung;Kunst und Literatur;Gesellschaft und Zeitbetrachtung;;"Kunst und Literatur als Hauptthema: Künstler und Kunstwerke stehen diesmal im Zentrum der Ausstellungsbetrachtung; gesellschaftliche Bedingungen der Kunst bleiben substanzielles Zweitthema.";final
1848-06-07;wrz18480607;0607_01;w_0607_01;;keine;1;1;Ein Capitel über die Theaternoth.;;;Ed. Hanslick;Eduard Hanslick;gesichert;Essay/Abhandlung;Kunst und Literatur;Gesellschaft und Zeitbetrachtung;"""Mögt ihr immerhin mit Schillers Worten entgegnen: 'Ernst ist das Leben, heiter ist die Kunst' – ein Leben ohne Kunst ist nicht mehr ernst, sondern todt, Der Mensch bedarf der Kunst zu sehr, als daß er ganz von ihr lassen könnte, er liebst sie zu sehr, um ihr je untreu zu werden""";"Kunst und Literatur als Hauptthema: die „Theaternoth“ wird als Problem des Theaterwesens behandelt; ihre gesellschaftlichen Ursachen oder Folgen bilden das Zweitthema.";final
1848-06-08;wrz18480608;0608_01;w_0608_01;s_sturmpetition_paedagoe;Artikelreihe;1;1;Sturmpetitionen eines Pädagogen.;I. Was macht der lederne Herr Papa?;;S. Sz.;Simon Szánto;unsicher;Essay/Abhandlung;Gesellschaft und Zeitbetrachtung;;"""Wie auch immerhin die Ansichten über die neuesten Bewegungen verschieden sein mögen, darin sind doch die ruhigen Denker einig, daß die Errungenschaften dieser Tage erst unsern Nachkommen angehören werden""";Gesellschaft und Zeitbetrachtung als Hauptthema: die pädagogische „Sturmpetition“ nimmt Erziehung, Familie und zeitgenössische Bildungs- bzw. Lebensverhältnisse in den Blick.;final
1848-06-16;wrz18480616;0616_01;w_0616_01;;keine;1;1;Kaiserliche Akademie der Wissenschaften.;;;;;ohne Autor;Bericht/Mitteilung/Protokoll;Wissenschaft und Technik;;;Naturwissenschaften bzw. wissenschaftliche Tätigkeit der Akademie als Hauptgegenstand.;final
1848-06-16;wrz18480616;0616_02;w_0616_02;;keine;1;1;Zeitgemäße Bitte;;;Jos. Gottlieb Frank.;Jos. Gottlieb Frank;nicht identifiziert;Essay/Abhandlung;Wissenschaft und Technik;;;Wissenschaft und Technik als Hauptthema: Forschungsaufruf zur vermuteten parasitären Ursache einer Kartoffelseuche.;final
1848-06-18;wrz18480618;0618_01;w_0618_01;;keine;1;1;"Bruchstück aus meinen ""Skizzen über Rußland"", geschrieben in Petersburg im Februar 1847.";;;Julius Zerboni di Sposetti;Julius von Zerboni di Sposetti;gesichert;Essay/Abhandlung;Politik und Recht;Gesellschaft und Zeitbetrachtung;;"Politik und Recht als Hauptthema: Russische Staatsordnung und Außenpolitik stehen im Zentrum; Nationalgefühl, gesellschaftlicher Zusammenhalt und die Umbrüche von 1848 bilden das Zweitthema Gesellschaft und Zeitbetrachtung.";final
1848-06-18;wrz18480618;0618_02;w_0618_02;;keine;1;2;Wiener Mineral-Wasser.;;;Dr. Hebra;Ferdinand von Hebra;wahrscheinlich;Essay/Abhandlung;Wissenschaft und Technik;;;Wissenschaft und Technik als Hauptthema: medizinisch-naturwissenschaftliche Untersuchung des Wiener Mineralwassers.;final
1848-06-19;wrz18480619;0619_01;w_0619_01;;keine;1;1;Theater.;Ein Hausmittel. Lustspiel in einem Aufzuge von G. zu Putlitz. Der Dibplomat. Lustspiel in zwei Aufzügen. Zum ersten Mahle aufgeführt im k. k. Hof- und Nationaltheater am 15. Juni l. J.;;L. F–r.;Leopold Fürstedler;wahrscheinlich;Kritik/Rezension;Kunst und Literatur;;;Rezension einer Theateraufführung.;final
1848-06-19;wrz18480619;0619_02;w_0619_02;s_sturmpetition_paedagoe;Artikelreihe;1;2;Sturmpetitionen eines Pädagogen.;II. Nun wird der Fuchs ein Bursch!;;S. Sz.–;Simon Szánto;unsicher;Essay/Abhandlung;Gesellschaft und Zeitbetrachtung;;"Abschluss: ""Nächstens ein Mehreres, ein Deutlicheres über die Losung: Emancipation der Schule von der Kirche""";Gesellschaft und Zeitbetrachtung als Hauptthema: die pädagogische „Sturmpetition“ reflektiert Erziehung, Jugend und zeitgenössische Bildungs- bzw. Lebensverhältnisse.;final
1848-06-28;wrz18480628;0628_01;w_0628_01;;keine;1;1;Der Oesterreicher im Auslande.;;;Eduard Hanslick;Eduard Hanslick;gesichert;Essay/Abhandlung;Gesellschaft und Zeitbetrachtung;Politik und Recht;"„Wir hatten eine fatale Stellung im Auslande“; „Die Censur mordete still und spurlos“; „Der 13. März war der Auferstehungstag“, ""Es fehlte ein anderes, geistiges Band: das der politischen Gleichheit.""";"Gesellschaft und Zeitbetrachtung als Hauptthema: Hanslick untersucht Österreichs Selbst- und Fremdwahrnehmung vor und nach März 1848; Zensur, politische Unfreiheit und Revolution bilden das Zweitthema Politik und Recht.";final
1848-06-29;wrz18480629;0629_01;w_0629_01;;keine;1;2;Die auf Grund und Boden haftenden Lasten in staatswirthschaftlicher Rücksicht, und Vorschläge zu deren Ablösung von Dr. Carl Kubenik.;;;L. F.–r.;Leopold Fürstedler;wahrscheinlich;Kritik/Rezension;Industrie und Wirtschaft;Politik und Recht;;"Industrie und Wirtschaft als Hauptthema: Im rezensierten Werk werden Grundlasten wirtschaftlich nach Arbeitskraft, Produktivität und Bodennutzung bewertet; ihre rechtliche Struktur die staatliche Einbettung begründen das Zweitthema Politik und Recht.";final